epoch,train_mse_on_scaled_target,validation_mse_on_scaled_target
1,0.588210535645485,0.16742900013923645
2,0.1629491575062275,0.11025320738554001
3,0.08038165748119354,0.038855571299791336
4,0.061975859701633454,0.03975062444806099
5,0.05444748312234879,0.040154315531253815
6,0.04881976209580898,0.03888234868645668
7,0.04610904581844807,0.02305806241929531
8,0.04148453209549188,0.022431369870901108
9,0.040105010345578194,0.02784290723502636
10,0.037455845288932324,0.028100736439228058
11,0.04010265164077282,0.020083747804164886
12,0.04330530345439911,0.03913969174027443
13,0.035483201518654826,0.02379709482192993
14,0.035923988372087476,0.02725115977227688
15,0.03804012212902307,0.021728813648223877
16,0.036324760019779204,0.04943017661571503
17,0.03420653849840164,0.01966838911175728
18,0.035569539330899715,0.01814023219048977
19,0.03621906142681837,0.027813278138637543
20,0.03405692126601934,0.017736785113811493
21,0.032965654246509074,0.01987580768764019
22,0.031876472160220146,0.022847341373562813
23,0.03259800512343645,0.01921401172876358
24,0.03216213464736938,0.040120139718055725
25,0.030578813403844832,0.018316715955734253
26,0.029606767632067203,0.019737739115953445
27,0.030261005014181136,0.022569777444005013
28,0.031841639652848246,0.02693754993379116
29,0.029019805416464806,0.026375070214271545
30,0.02812995180487633,0.019720908254384995
31,0.027763449884951115,0.01976930722594261
32,0.027861911058425903,0.02903364785015583
33,0.02674739595502615,0.025723647326231003
34,0.026286654993891715,0.03268835321068764
35,0.02658065777271986,0.022542662918567657
36,0.02769533071666956,0.030863609164953232
37,0.02706547861918807,0.020760199055075645
38,0.02771327264606953,0.0284601841121912
39,0.02587760243564844,0.025912320241332054
40,0.026304772682487966,0.030519569292664528
41,0.0245099813118577,0.02652699314057827
42,0.024893176555633546,0.030809637159109116
43,0.023756757862865924,0.04972483962774277
44,0.02402945403009653,0.035466503351926804
45,0.0241746424511075,0.04553259164094925
46,0.023205125518143178,0.032922741025686264
47,0.02313855942338705,0.031083818525075912
48,0.021696206331253052,0.031455207616090775
49,0.021757105514407158,0.039848845452070236
50,0.022033730894327162,0.0320616252720356
