date,target_date,actual,rolling_historical,garch_1_1,garch_sqrt_expected_variance,lagged_linear_regression,random_forest,lstm
2025-11-16,2025-11-17,0.0217449738683272,0.0216164731576364,0.02199050943366447,0.022000163353260275,0.022080274048279735,0.022115013255717752,0.022042412
2025-11-17,2025-11-18,0.0215996457886611,0.0217449738683272,0.02193749874086847,0.021947067980494332,0.022470011368876525,0.022329901600509565,0.0222771
2025-11-18,2025-11-19,0.0212504778036173,0.0215996457886611,0.021621572056515253,0.021630048051861847,0.022023649059808754,0.021882666583132985,0.022207176
2025-11-19,2025-11-20,0.0229208777930812,0.0212504778036173,0.021504415767776897,0.021512278504468893,0.02150658002631541,0.02166588179813266,0.021962674
2025-11-20,2025-11-21,0.0230000908718328,0.0229208777930812,0.023504835371712073,0.023518385259595733,0.023291357113029612,0.023259038808103247,0.023655845
2025-11-21,2025-11-22,0.0222505930250165,0.0230000908718328,0.02280770593789612,0.022820920816792628,0.022781282392534716,0.0234964457435822,0.0234106
2025-11-22,2025-11-23,0.0228450109133031,0.0222505930250165,0.022520144819997423,0.022531422350283138,0.02256837138529521,0.023086953573026255,0.02280654
2025-11-23,2025-11-24,0.0231490853946345,0.0228450109133031,0.02319091348734297,0.02320079021791761,0.023141510837748604,0.02335274597637564,0.023459475
2025-11-24,2025-11-25,0.0222607865947931,0.0231490853946345,0.02274081274355929,0.022750297035024004,0.023149391029321103,0.02375113306236487,0.023649279
2025-11-25,2025-11-26,0.0236469562572422,0.0222607865947931,0.022694032855037627,0.022702396889055804,0.022500089890741225,0.023298460466401195,0.023046914
2025-11-26,2025-11-27,0.0238525653552163,0.0236469562572422,0.024097003174689186,0.02410520877535021,0.023982726206657035,0.02406781063927699,0.024411848
2025-11-27,2025-11-28,0.0236180314982054,0.0238525653552163,0.024028126441702637,0.024034814315165198,0.024018959830089413,0.024224736843221607,0.023988057
2025-11-28,2025-11-29,0.0235688354374725,0.0236180314982054,0.023925738039971438,0.02393138713237743,0.023906910831086665,0.02381587494568037,0.02412463
2025-11-29,2025-11-30,0.0233466696850963,0.0235688354374725,0.02370045727497771,0.0237055441182294,0.023704690985010966,0.023775028987967965,0.024236018
2025-11-30,2025-12-01,0.0243546769388573,0.0233466696850963,0.023589066602337512,0.023593735698877665,0.023508502755686653,0.023556952919780275,0.024255306
2025-12-01,2025-12-02,0.0270130408457902,0.0243546769388573,0.024721289022615698,0.024729686404411574,0.024538372304196632,0.02437311217039228,0.025647087
2025-12-02,2025-12-03,0.0269081158388072,0.0270130408457902,0.026950556837898848,0.026961483269211356,0.0270575111463487,0.02618459100518099,0.026957657
2025-12-03,2025-12-04,0.0256621848425333,0.0269081158388072,0.02609185948939353,0.026101700799788255,0.026964317203773628,0.02648947780581852,0.026807297
2025-12-04,2025-12-05,0.0255859561026594,0.0256621848425333,0.025621351403550895,0.02562991892975237,0.025731149482910397,0.026198034022096348,0.026086004
2025-12-05,2025-12-06,0.0253005605325519,0.0255859561026594,0.025774634532525226,0.025783138857699475,0.02568889794707656,0.026163785094028776,0.02625659
2025-12-06,2025-12-07,0.0251188153553044,0.0253005605325519,0.025337346234585438,0.025344462242436774,0.025380266473785794,0.02568186787381107,0.025894536
2025-12-07,2025-12-08,0.0251297051978058,0.0251188153553044,0.025490299396840006,0.02549611457157199,0.025440060939378995,0.025286202282437005,0.025985954
2025-12-08,2025-12-09,0.0250728929671116,0.0251297051978058,0.024934128786669958,0.02493935372901027,0.025142974969709662,0.025032400240198316,0.025731966
2025-12-09,2025-12-10,0.0248940761641793,0.0250728929671116,0.02525373470694378,0.025258799510031304,0.025319726112553512,0.025052528745397016,0.025526345
2025-12-10,2025-12-11,0.0245476514060142,0.0248940761641793,0.024825595278210988,0.02483007523408755,0.024955214964411637,0.024683007337864517,0.02529296
2025-12-11,2025-12-12,0.0247824293304044,0.0245476514060142,0.024786639781208673,0.024790489375431466,0.024423085648034356,0.024363018839694606,0.025189733
2025-12-12,2025-12-13,0.0246322871889383,0.0247824293304044,0.024958117296896645,0.024962410716677808,0.0247068271538514,0.024403356304728407,0.025168438
2025-12-13,2025-12-14,0.0231612079997069,0.0246322871889383,0.02314221242284934,0.023146647191388744,0.024502170419317897,0.02452592671034254,0.024621496
2025-12-14,2025-12-15,0.023242138934793,0.0231612079997069,0.023387158658949296,0.02339205834425026,0.023238406245859267,0.023363088248191596,0.023541361
2025-12-15,2025-12-16,0.0234161769249341,0.023242138934793,0.023506935285054716,0.023511851971994648,0.02348521345216745,0.023651290529699567,0.02310323
2025-12-16,2025-12-17,0.0233322507788822,0.0234161769249341,0.023467888592306738,0.023472521401118947,0.02327455610716015,0.023122673457594407,0.022766436
2025-12-17,2025-12-18,0.0232836033725287,0.0233322507788822,0.023596245248140683,0.02360089358862434,0.023056780006552986,0.02293559345824854,0.022748467
2025-12-18,2025-12-19,0.0239103773943069,0.0232836033725287,0.023482726915658787,0.023486935573259638,0.023114926450015026,0.022878586506737675,0.022739366
2025-12-19,2025-12-20,0.0216497944192504,0.0239103773943069,0.02203126351373405,0.022037660643472283,0.023765272376341816,0.02338131082770905,0.023248667
2025-12-20,2025-12-21,0.0213673762132178,0.0216497944192504,0.02172421127283744,0.02172991016249658,0.021375636449301422,0.02196463872216853,0.02140907
2025-12-21,2025-12-22,0.0213396969879451,0.0213673762132178,0.021674316168626362,0.02167935138796409,0.021100753432174307,0.021496453649459176,0.021036837
2025-12-22,2025-12-23,0.0210363221069393,0.0213396969879451,0.021218012630941325,0.021222738329441944,0.021041917892170782,0.021298398545843086,0.021279678
2025-12-23,2025-12-24,0.0208223119051381,0.0210363221069393,0.02113846270054233,0.02114314330833348,0.020754553472324345,0.021040330770751976,0.020938147
2025-12-24,2025-12-25,0.0207585371434127,0.0208223119051381,0.02104395724279649,0.021048287264811328,0.020394564831979607,0.02054325343306238,0.020484146
2025-12-25,2025-12-26,0.0196974341009161,0.0207585371434127,0.020005578002446636,0.02001032645178579,0.020359194984114006,0.020318853457456158,0.020330377
2025-12-26,2025-12-27,0.0196338251868521,0.0196974341009161,0.01989595384765983,0.01990050462603482,0.01950268200446934,0.019527820864029117,0.019778546
2025-12-27,2025-12-28,0.0196241571016604,0.0196338251868521,0.01992132629152723,0.019925686808764748,0.019339155293027085,0.018708760948332882,0.019208066
2025-12-28,2025-12-29,0.019664445497368,0.0196241571016604,0.019918242924669993,0.019922412678884664,0.019414134892997363,0.018202732172958522,0.019326145
2025-12-29,2025-12-30,0.019850410187811,0.019664445497368,0.019946859378572702,0.019951015854277956,0.019391004790613675,0.018104339037833914,0.019657645
2025-12-30,2025-12-31,0.0179594417495761,0.019850410187811,0.018192883933822998,0.01819869358892692,0.01944248282548713,0.018309252286667833,0.019422136
2025-12-31,2026-01-01,0.0147533822362653,0.0179594417495761,0.014912200716301593,0.01492249478453132,0.017650657233827586,0.017283964560390618,0.017662074
2026-01-01,2026-01-02,0.0142638577946551,0.0147533822362653,0.014452333273752331,0.014464148491099086,0.014601938889484132,0.015742985252852542,0.01551946
2026-01-02,2026-01-03,0.0141164001188353,0.0142638577946551,0.014468414256037685,0.014480327041488215,0.014218323044900278,0.014907894052191279,0.01479262
2026-01-03,2026-01-04,0.0130697121460137,0.0141164001188353,0.013410252173447764,0.01342448091598753,0.014000183415455185,0.013859504631911572,0.01409267
2026-01-04,2026-01-05,0.0137882258936195,0.0130697121460137,0.0135163369286327,0.013530243181533789,0.013035738416018856,0.013502574421775621,0.0136192925
2026-01-05,2026-01-06,0.0136264491550088,0.0137882258936195,0.014117984443492364,0.014133845012262709,0.013936411445491249,0.013893715950261697,0.014357084
2026-01-06,2026-01-07,0.0145144660573877,0.0136264491550088,0.014093421879426738,0.014107809022815256,0.013622889057362789,0.013670694804949764,0.013907689
2026-01-07,2026-01-08,0.013904746330583,0.0145144660573877,0.01441230885344313,0.014429213170292996,0.014552235561495843,0.01453318982568501,0.01458721
2026-01-08,2026-01-09,0.0138660719556835,0.013904746330583,0.014331051864263988,0.014346292546140092,0.01393209983384905,0.013799181201081675,0.014155477
2026-01-09,2026-01-10,0.0138193999276119,0.0138660719556835,0.014284916925716071,0.014298957159904296,0.014033207286689355,0.013632235579802613,0.0140015725
2026-01-10,2026-01-11,0.0130981967351049,0.0138193999276119,0.013529741453768663,0.013544727847707584,0.013977274771921037,0.013587035015817296,0.0134909
2026-01-11,2026-01-12,0.0131057948201844,0.0130981967351049,0.013554863312852796,0.013568986707243784,0.013239581275020352,0.013249062304144608,0.013331438
2026-01-12,2026-01-13,0.0145988573124295,0.0131057948201844,0.012778359988654096,0.012794220358891429,0.013308599404614258,0.013341322661504439,0.013288765
2026-01-13,2026-01-14,0.0141775235181346,0.0145988573124295,0.014619517771220912,0.01464401627660824,0.014775902773530665,0.014618547774091738,0.015162582
2026-01-14,2026-01-15,0.0143404642342057,0.0141775235181346,0.014597299800810381,0.014619924411315592,0.014051226136969614,0.014460345743825764,0.01457966
2026-01-15,2026-01-16,0.0137822278399911,0.0143404642342057,0.014354101194721625,0.014375794064115311,0.014370110178940968,0.01465377502710269,0.0144916335
2026-01-16,2026-01-17,0.013683284515384,0.0137822278399911,0.014148573558387969,0.01416817480031401,0.01391533331507901,0.014218155994031596,0.014093009
2026-01-17,2026-01-18,0.0131846262102042,0.013683284515384,0.013275021106050324,0.013295188278279559,0.014004347251068713,0.013996603820634869,0.013833695
2026-01-18,2026-01-19,0.0134021165413231,0.0131846262102042,0.01371050280770569,0.013728839759659738,0.01354761302887757,0.01414857526285879,0.013868042
2026-01-19,2026-01-20,0.0159778263123348,0.0134021165413231,0.013901136852666581,0.013917733847934311,0.013737473996752967,0.01411584896811209,0.014121094
2026-01-20,2026-01-21,0.0161099107939861,0.0159778263123348,0.01658607242055497,0.016606406255097086,0.01643764211686792,0.015658083043447124,0.015824884
2026-01-21,2026-01-22,0.0159227892306419,0.0161099107939861,0.01648454378090592,0.016502097186371256,0.016482983563439565,0.016262685616280147,0.015753914
2026-01-22,2026-01-23,0.0159204644082931,0.0159227892306419,0.01643198025905339,0.01644667300435824,0.016212236143904286,0.016709637359615552,0.015526587
2026-01-23,2026-01-24,0.0159096206836661,0.0159204644082931,0.01635475690736762,0.01636745750712855,0.016318342850891204,0.01666082373813651,0.015702661
2026-01-24,2026-01-25,0.0167984148644931,0.0159096206836661,0.016351658319437183,0.01636282789116712,0.016228497826268215,0.01667507668996602,0.0154211745
2026-01-25,2026-01-26,0.0171328735910069,0.0167984148644931,0.01723462677487994,0.01724680142477647,0.01709855048464876,0.016885003499226593,0.016489612
2026-01-26,2026-01-27,0.0172326614950727,0.0171328735910069,0.017595532952465107,0.017606914063211503,0.01731584626569118,0.01736802664724223,0.017005427
2026-01-27,2026-01-28,0.0171581287397056,0.0172326614950727,0.01759684137777727,0.017607080044962767,0.017250717859665827,0.01713496191353109,0.01668731
2026-01-28,2026-01-29,0.0195943655836257,0.0171581287397056,0.017386392536608515,0.017395630965722064,0.017204188248208886,0.017109713925552564,0.016788647
2026-01-29,2026-01-30,0.0195467258432379,0.0195943655836257,0.020106723736687166,0.020121763130992145,0.019727921200592222,0.018828866811197723,0.019273484
2026-01-30,2026-01-31,0.0227816635206516,0.0195467258432379,0.01986342039890593,0.01987582922502815,0.019344961360074762,0.019010059418930487,0.019114668
2026-01-31,2026-02-01,0.0228178522951976,0.0227816635206516,0.02329318420689621,0.023314153756910493,0.02303614263981406,0.022023979637428567,0.022482235
2026-02-01,2026-02-02,0.0232704422086749,0.0228178522951976,0.023358679784291812,0.023376257042467163,0.02268025938420582,0.022469254491670358,0.022364097
2026-02-02,2026-02-03,0.0238788149102627,0.0232704422086749,0.023702692554025538,0.023716819522339883,0.023638011980320863,0.023031151414465257,0.02303204
2026-02-03,2026-02-04,0.0236646656005705,0.0238788149102627,0.023771989337137242,0.023787953642210095,0.024611786953960386,0.02374515418851798,0.023767766
2026-02-04,2026-02-05,0.0351297072288029,0.0236646656005705,0.02425671609216249,0.024272381371373476,0.024147541492020332,0.023924278058462204,0.024157697
2026-02-05,2026-02-06,0.0420483652854516,0.0351297072288029,0.03648188074289994,0.03653302476979702,0.03554453353262888,0.029827732890148215,0.033682477
2026-02-06,2026-02-07,0.0420716589025691,0.0420483652854516,0.0434802232828119,0.04352426408177931,0.04210237930073896,0.03376097610788674,0.039642386
2026-02-07,2026-02-08,0.0423005613974596,0.0420716589025691,0.04324798154238413,0.04327815795743188,0.04185733381872743,0.03600673276465116,0.041850533
2026-02-08,2026-02-09,0.042295142533514,0.0423005613974596,0.043246867187460854,0.043267132830382866,0.04257772468807777,0.03775316968011524,0.041632243
2026-02-09,2026-02-10,0.0422469779934206,0.042295142533514,0.04300473432011421,0.043018660568469445,0.04267319126873853,0.03791126579131223,0.04126277
2026-02-10,2026-02-11,0.0422851350742177,0.0422469779934206,0.042860542595806475,0.04287070128152852,0.04226079839943667,0.03796101931952609,0.041319817
2026-02-11,2026-02-12,0.0410140394759758,0.0422851350742177,0.04164007436180327,0.0416490287079031,0.04213691697561289,0.03809498469730182,0.041557863
2026-02-12,2026-02-13,0.0417314049994687,0.0410140394759758,0.041218043262681484,0.041225039872150836,0.04069911574855097,0.03901059232546001,0.04047312
2026-02-13,2026-02-14,0.0419843146367489,0.0417314049994687,0.04223163250988622,0.04223736402913123,0.042226115856213546,0.0388667960754866,0.03907339
2026-02-14,2026-02-15,0.0419426456347728,0.0419843146367489,0.04237124360616562,0.04237550491745111,0.042342373919184134,0.03871014893019883,0.039098203
2026-02-15,2026-02-16,0.0419849973937705,0.0419426456347728,0.042313373229992124,0.04231678185726395,0.0421310595357231,0.0389639656434355,0.039631672
2026-02-16,2026-02-17,0.0420109048399287,0.0419849973937705,0.042309107671812854,0.042311677995358926,0.04215291624067378,0.03881417921637146,0.03937459
2026-02-17,2026-02-18,0.0420195908414266,0.0420109048399287,0.04232973229788842,0.04233203401128782,0.0424018234985581,0.038821843586755174,0.039755285
2026-02-18,2026-02-19,0.0416234305971954,0.0420195908414266,0.04178484844345828,0.04178680983970603,0.04228899376283969,0.03878860880578939,0.03951221
2026-02-19,2026-02-20,0.0416894020198004,0.0416234305971954,0.041711865030450324,0.0417135231927791,0.0415521864445538,0.038382251062394034,0.03864993
2026-02-20,2026-02-21,0.0416756719378149,0.0416894020198004,0.041894857837233554,0.04189629872345711,0.040202053830707116,0.036767976134986176,0.038477927
2026-02-21,2026-02-22,0.0416433139350954,0.0416756719378149,0.041866665753366034,0.04186789963045103,0.03987232255077713,0.0365289949385514,0.03873205
2026-02-22,2026-02-23,0.0421306709913869,0.0416433139350954,0.04185041472771653,0.04185150591066214,0.03969242783579708,0.036373848763634746,0.03881938
2026-02-23,2026-02-24,0.0419918570014737,0.0421306709913869,0.042279657009089956,0.04228154324336777,0.04037257499734756,0.037099107338595574,0.03914619
2026-02-24,2026-02-25,0.0435837493596781,0.0419918570014737,0.04190654904242673,0.04190827388649536,0.04004322888395691,0.03698489444204919,0.03816792
2026-02-25,2026-02-26,0.0434366576545384,0.0435837493596781,0.04379895824765799,0.043801889177943296,0.042111995690242224,0.038965567597777306,0.038487203
2026-02-26,2026-02-27,0.0434771479003466,0.0434366576545384,0.04371853407651889,0.04372084291069692,0.04169429476258722,0.03878672276562644,0.039691284
2026-02-27,2026-02-28,0.042952065446605,0.0434771479003466,0.04301316121462294,0.04301529086762763,0.041793512173986865,0.039064501400273254,0.04038335
2026-02-28,2026-03-01,0.042987784961262,0.042952065446605,0.04322601503376393,0.04322775600555736,0.0413507099590808,0.038714353868874764,0.03934194
2026-03-01,2026-03-02,0.0425463733167466,0.042987784961262,0.041758849852887255,0.04176045300934616,0.04156737076388531,0.03870502075924589,0.039804086
2026-03-02,2026-03-03,0.0424044294342767,0.0425463733167466,0.04270139824814727,0.042703472005979876,0.04097695584831139,0.039136788543799164,0.03851856
2026-03-03,2026-03-04,0.0438178657360116,0.0424044294342767,0.0423781464543971,0.04237984489402227,0.04096731988581878,0.03902968333956651,0.03889939
2026-03-04,2026-03-05,0.0435154764378037,0.0438178657360116,0.04366890220009259,0.04367195457797449,0.04266428608200805,0.03925027635569934,0.038818732
2026-03-05,2026-03-06,0.0436483982831943,0.0435154764378037,0.04342199829057429,0.04342462009467972,0.04198676956444358,0.039125187185271845,0.03998708
2026-03-06,2026-03-07,0.0335411366160631,0.0436483982831943,0.03387891680523761,0.033884794986992935,0.04215475799768179,0.03929897259616073,0.04015784
2026-03-07,2026-03-08,0.0262070879005348,0.0335411366160631,0.026508532907435954,0.026517650931071005,0.03262707892408756,0.035551341320045955,0.03427632
2026-03-08,2026-03-09,0.0269514357847416,0.0262070879005348,0.026493100941952015,0.02650079975212984,0.026129122225709768,0.031663558509287905,0.028070197
2026-03-09,2026-03-10,0.0271102674496412,0.0269514357847416,0.027263601893351204,0.02727146231176037,0.027402263296297483,0.02954329897518423,0.025907531
2026-03-10,2026-03-11,0.0271128619421346,0.0271102674496412,0.027542620269379467,0.027549263176657436,0.027079247252736968,0.028847190693345404,0.025927136
2026-03-11,2026-03-12,0.026896415434064,0.0271128619421346,0.027272488020632625,0.027277815054471567,0.027109885608068714,0.027651866972820495,0.026418405
2026-03-12,2026-03-13,0.0264379264377041,0.026896415434064,0.026784304598353723,0.02678886881461754,0.02656463383642929,0.027615399160913566,0.027072018
2026-03-13,2026-03-14,0.0263053383961386,0.0264379264377041,0.026631535092333465,0.026635432258353346,0.02614939790498835,0.027440390540118317,0.027177582
2026-03-14,2026-03-15,0.0257109332155886,0.0263053383961386,0.02573192007743279,0.02573552062848087,0.026130734724310475,0.02716283619703562,0.027101118
2026-03-15,2026-03-16,0.0260678053736155,0.0257109332155886,0.025925891937690695,0.02592964368653359,0.025756128676695328,0.026068764950889268,0.026509857
2026-03-16,2026-03-17,0.0260457345145219,0.0260678053736155,0.026220621465766245,0.0262249673931403,0.026145431005308258,0.02610255257757355,0.02622604
2026-03-17,2026-03-18,0.0269986058224816,0.0260457345145219,0.026366726103538032,0.026370529911097965,0.02576742984706692,0.02603001489602027,0.026187776
2026-03-18,2026-03-19,0.0269448054276392,0.0269986058224816,0.0270606987874975,0.02706555155508904,0.026620026857700953,0.026427840077278317,0.027004655
2026-03-19,2026-03-20,0.0267813753376276,0.0269448054276392,0.027109797904982812,0.027114203505716226,0.02659195042839061,0.0266450227426559,0.026788002
2026-03-20,2026-03-21,0.0271336598539229,0.0267813753376276,0.027078454964457425,0.027082174253485407,0.026594568188201387,0.02674275563389429,0.026600402
2026-03-21,2026-03-22,0.0271586877595182,0.0271336598539229,0.027330019660289168,0.027333717063139144,0.027026274925291728,0.027199078189523405,0.027113836
2026-03-22,2026-03-23,0.02830819192185,0.0271586877595182,0.027466288966768622,0.02746963160890446,0.027065293132492955,0.027022233920391266,0.02708373
2026-03-23,2026-03-24,0.0283039821331643,0.02830819192185,0.028665780973133166,0.028670704691489267,0.028281173435409646,0.02751927594904902,0.027658846
2026-03-24,2026-03-25,0.0269503840367917,0.0283039821331643,0.02727750395623705,0.027282142462211684,0.027941590750421637,0.02763267942278487,0.028205954
2026-03-25,2026-03-26,0.0277864372212789,0.0269503840367917,0.02717893519978598,0.027182994069710274,0.026446908942019575,0.027678057304931687,0.027345872
2026-03-26,2026-03-27,0.0264376207205693,0.0277864372212789,0.025998204245682686,0.02600395289929369,0.02750747580126803,0.02805899835071474,0.027949665
2026-03-27,2026-03-28,0.0264092440129124,0.0264376207205693,0.026829949120654326,0.02683626670730294,0.026174011484911615,0.02762786693393817,0.027031224
2026-03-28,2026-03-29,0.026050591607408,0.0264092440129124,0.026405260312406392,0.026410464828114193,0.026145055650696792,0.02745663722087262,0.026553849
2026-03-29,2026-03-30,0.0259658618990569,0.026050591607408,0.026210009593904522,0.026214374735166374,0.025909719842271924,0.02678616409894308,0.026536025
2026-03-30,2026-03-31,0.0260369151531072,0.0259658618990569,0.026067942999296316,0.02607184847806797,0.025886115324050808,0.0262809507596242,0.026240801
2026-03-31,2026-04-01,0.0246805380886101,0.0260369151531072,0.02502006732869318,0.025024579107497495,0.02589333273085412,0.02603813806175034,0.026165476
2026-04-01,2026-04-02,0.0248658251833637,0.0246805380886101,0.024964474063214302,0.024968319872805782,0.02456302460719024,0.02499553307198015,0.025035856
2026-04-02,2026-04-03,0.0219247159793136,0.0248658251833637,0.022271064338038778,0.022276581735920984,0.0245867925851802,0.024739567373758698,0.025162714
2026-04-03,2026-04-04,0.0215461921403207,0.0219247159793136,0.02184810268438082,0.021853087150305362,0.02160339459366845,0.022881394623882285,0.022881597
2026-04-04,2026-04-05,0.020863159841727,0.0215461921403207,0.020662199658936398,0.020667380082284,0.02165730446500734,0.022036842012892143,0.02202167
2026-04-05,2026-04-06,0.0207264831762605,0.020863159841727,0.021079663703472088,0.021085602313768433,0.020990387628077305,0.02170129953161118,0.021351378
2026-04-06,2026-04-07,0.0218044551529282,0.0207264831762605,0.020716345704736357,0.020721868379350052,0.020594921252276303,0.0209830880133766,0.020792685
2026-04-07,2026-04-08,0.0210141890570663,0.0218044551529282,0.021324320770483456,0.02133401065790332,0.02175206633026574,0.02176437512191791,0.0217417
2026-04-08,2026-04-09,0.0207258780289724,0.0210141890570663,0.021087838906480583,0.021096345834270273,0.020767292496803556,0.021336220253620263,0.020398896
2026-04-09,2026-04-10,0.0209092952179776,0.0207258780289724,0.021123746874483165,0.021131057044696012,0.020632948480752207,0.020833240512278074,0.02027031
2026-04-10,2026-04-11,0.0208963857366815,0.0209092952179776,0.021284850909129818,0.021291596388697803,0.021030740447311232,0.02072775284077811,0.020603582
2026-04-11,2026-04-12,0.0217391846083904,0.0208963857366815,0.021238391034319737,0.021244194401887698,0.02071318405315519,0.020585036659244847,0.020593656
2026-04-12,2026-04-13,0.0236368665290247,0.0217391846083904,0.02212467527592947,0.022131516785042247,0.021660134547982997,0.021243452674547685,0.021546723
2026-04-13,2026-04-14,0.023325685670816,0.0236368665290247,0.02382684010951757,0.02383740633427135,0.023666396734423577,0.02367182277644032,0.023738487
2026-04-14,2026-04-15,0.0228040277577552,0.023325685670816,0.02320442302841587,0.023213268068249557,0.023217994430839238,0.023027094664256353,0.022737896
2026-04-15,2026-04-16,0.0226794723528459,0.0228040277577552,0.02308779401098862,0.02309513521118978,0.022627493786051264,0.0229955773999783,0.02263205
2026-04-16,2026-04-17,0.0219742292293464,0.0226794723528459,0.021972455852007123,0.0219795071348988,0.022699350129103145,0.02280069312851774,0.02266185
2026-04-17,2026-04-18,0.0219653561055863,0.0219742292293464,0.02203488209678796,0.022042476476507325,0.021899175019836608,0.02236160249929823,0.022406848
2026-04-18,2026-04-19,0.0225258716346348,0.0219653561055863,0.02234064724522676,0.022347399020198895,0.0218934832813754,0.02217953366006662,0.021717602
2026-04-19,2026-04-20,0.0225218201672712,0.0225258716346348,0.022455934319376217,0.022463038591854112,0.022407746625287283,0.022655045507205575,0.022105243
2026-04-20,2026-04-21,0.0222553895624789,0.0225218201672712,0.0226813610062394,0.022689130009862463,0.02262628227031742,0.022982121141707643,0.022271197
2026-04-21,2026-04-22,0.0213108119855765,0.0222553895624789,0.021360666289423125,0.021368176855261736,0.022320308636457342,0.02275549474145009,0.022064887
2026-04-22,2026-04-23,0.0212668572579403,0.0213108119855765,0.021681879652466138,0.02168957620758691,0.021432632431513977,0.02197589010066997,0.021719335
2026-04-23,2026-04-24,0.0213728392363615,0.0212668572579403,0.021607617594491025,0.021614098343081527,0.021345701571668454,0.021594628274194436,0.021373576
2026-04-24,2026-04-25,0.0201083164964302,0.0213728392363615,0.020494300432238412,0.02050128694252165,0.021508142357689015,0.021543249366311246,0.021282304
2026-04-25,2026-04-26,0.0187164735200828,0.0201083164964302,0.019062849381945926,0.019070808954306743,0.020111398152679146,0.021274021370244086,0.020397685
2026-04-26,2026-04-27,0.0191235726799538,0.0187164735200828,0.01907861659375523,0.019086492868710295,0.01892582820582649,0.01976846825146646,0.019475933
2026-04-27,2026-04-28,0.019319817157154,0.0191235726799538,0.019406152246491,0.019413675177506293,0.01914085169154591,0.019369126910976794,0.01917816
2026-04-28,2026-04-29,0.0193988196829626,0.019319817157154,0.019648751176933817,0.01965557258079213,0.0191618051996716,0.019469350913468752,0.019112099
2026-04-29,2026-04-30,0.0191222880063065,0.0193988196829626,0.019466978015592076,0.019473244522339315,0.019363567288237984,0.019025321214598098,0.019078428
2026-04-30,2026-05-01,0.019452372118563,0.0191222880063065,0.019437796345031705,0.01944378392849266,0.019101344311783196,0.018849154198027313,0.018923284
2026-05-01,2026-05-02,0.0189757505770939,0.019452372118563,0.019375206644470296,0.01938297720717954,0.01944845793818582,0.019650325466449976,0.019333426
2026-05-02,2026-05-03,0.0190023300802225,0.0189757505770939,0.0193416914337652,0.019348852780166823,0.018935073915454098,0.018849368118727193,0.018643713
2026-05-03,2026-05-04,0.0191022457803343,0.0190023300802225,0.019365360749727306,0.019371809974907728,0.01897030229388287,0.01853979861974539,0.018712223
2026-05-04,2026-05-05,0.018798908374623,0.0191022457803343,0.0191130881518458,0.01911998219878262,0.018952180288007447,0.018588123693134305,0.019269485
2026-05-05,2026-05-06,0.018742715871184,0.018798908374623,0.019118988158826553,0.01912601424385064,0.018614108445025965,0.01818168298999789,0.018858138
2026-05-06,2026-05-07,0.0177261933372527,0.018742715871184,0.017659938984362623,0.017667780231241048,0.018641151234110153,0.018207646736587185,0.018849546
2026-05-07,2026-05-08,0.0174741617907826,0.0177261933372527,0.01786194039844178,0.017870038514922165,0.017570412976711323,0.01752769924328191,0.018074345
2026-05-08,2026-05-09,0.0174401410869323,0.0174741617907826,0.017810710182339616,0.017818139042775887,0.017398097081398174,0.017156188956186615,0.017419351
2026-05-09,2026-05-10,0.0175160944116482,0.0174401410869323,0.01765067070741044,0.017657804334016078,0.017367485912397847,0.017046597508703853,0.017149067
2026-05-10,2026-05-11,0.0175976473393271,0.0175160944116482,0.017894626125689272,0.017902482780882537,0.017532026581164012,0.017327736999610734,0.017390996
2026-05-11,2026-05-12,0.0166579579551892,0.0175976473393271,0.01664815147799531,0.016657530573482723,0.01751365821695611,0.017267352955575892,0.017208446
2026-05-12,2026-05-13,0.0145129139937683,0.0166579579551892,0.014615144872657396,0.014628233286563914,0.016566629661932862,0.01693376835827997,0.016667377
2026-05-13,2026-05-14,0.014905896672863,0.0145129139937683,0.014918547022628154,0.014931107497998674,0.014556689955515935,0.01588396203161768,0.015540721
2026-05-14,2026-05-15,0.0156879786474086,0.014905896672863,0.015334743638586761,0.01534823006653798,0.015032999566401835,0.015509697709362502,0.015586647
2026-05-15,2026-05-16,0.0158843845092384,0.0156879786474086,0.0161607970924264,0.016174117269939493,0.015889763660703226,0.015921326042311564,0.015947226
2026-05-16,2026-05-17,0.0153391067616297,0.0158843845092384,0.015722567890684592,0.015735804524848334,0.016045627322573974,0.01633447189830215,0.016002873
2026-05-17,2026-05-18,0.0149955305910839,0.0153391067616297,0.015409171921603813,0.015421989685261159,0.0156751588602924,0.016553328374429112,0.015681088
2026-05-18,2026-05-19,0.0141831092864643,0.0149955305910839,0.01463112178945498,0.01464473571723414,0.015303957400397345,0.015787442790697572,0.015602045
2026-05-19,2026-05-20,0.0133917478623767,0.0141831092864643,0.013760416269432238,0.013775074324399903,0.01439118490145173,0.014853651826082493,0.014993802
2026-05-20,2026-05-21,0.0133493635285284,0.0133917478623767,0.013809474358339964,0.013823550518653013,0.01363345162575802,0.014315771195071813,0.014572282
2026-05-21,2026-05-22,0.0135292378126705,0.0133493635285284,0.013065787554279958,0.013081108891537728,0.013759500318760692,0.013940675076146825,0.014058779
2026-05-22,2026-05-23,0.0138800882207437,0.0135292378126705,0.014034251813713938,0.014051273427524512,0.01366666931487053,0.014190757568960564,0.014105003
2026-05-23,2026-05-24,0.0137744724127611,0.0138800882207437,0.014255776459761085,0.014272011075506958,0.013987487920483906,0.014437954506405,0.014220187
2026-05-24,2026-05-25,0.0137831303643317,0.0137744724127611,0.014243389091740898,0.014258046493211232,0.013914280853946864,0.014254913999434944,0.0139548825
2026-05-25,2026-05-26,0.0139233242951595,0.0137831303643317,0.014013701090750593,0.014027776433361882,0.013956997683812877,0.014141791962035128,0.013970231
2026-05-26,2026-05-27,0.0140483592723734,0.0139233242951595,0.014095302944583391,0.014110322395326681,0.014214148183074017,0.014298530049022101,0.014332893
2026-05-27,2026-05-28,0.0139923120729077,0.0140483592723734,0.014356878058501728,0.014372441788688095,0.014362780909554958,0.014439192373665498,0.014491331
2026-05-28,2026-05-29,0.0139432713211902,0.0139923120729077,0.014421417830123354,0.014436068151657473,0.014254218393921339,0.014266303578037764,0.014543233
2026-05-29,2026-05-30,0.0139088463042921,0.0139432713211902,0.014309740756204985,0.014323387693137013,0.014183707339126772,0.014054547571937031,0.014215023
2026-05-30,2026-05-31,0.0130460008113318,0.0139088463042921,0.01351883354049787,0.01353399557777442,0.014270862220582336,0.013843743434280211,0.013990143
2026-05-31,2026-06-01,0.0139812551813537,0.0130460008113318,0.013423274922649915,0.013437864248247671,0.013353466026567042,0.01333042210941959,0.01361887
2026-06-01,2026-06-02,0.0182756289131615,0.0139812551813537,0.014507812359984306,0.014525474835130461,0.014400261974947202,0.014074512179392415,0.0145727685
2026-06-02,2026-06-03,0.0188578116892891,0.0182756289131615,0.018633797309190604,0.01866564991453248,0.018519982007432566,0.01749220389850184,0.018563647
2026-06-03,2026-06-04,0.0184706111281881,0.0188578116892891,0.019295148433284875,0.01932773387946687,0.018878131535870066,0.01902409421424739,0.01933263
2026-06-04,2026-06-05,0.0194643326384443,0.0184706111281881,0.019010820792090835,0.019037115136133348,0.01873802830984006,0.019174731357050254,0.019145655
2026-06-05,2026-06-06,0.0194439272039174,0.0194643326384443,0.020204162177447124,0.020232416368689162,0.020402180070572762,0.02041251139783741,0.02043975
2026-06-06,2026-06-07,0.0212947365663283,0.0194439272039174,0.02003512985623498,0.02005757708516624,0.01999308764236375,0.019836918119602323,0.020232018
2026-06-07,2026-06-08,0.0211522919255362,0.0212947365663283,0.021813171213622612,0.02183239756948886,0.02211874969255348,0.021595875754334675,0.02251962
2026-06-08,2026-06-09,0.020651956821597,0.0211522919255362,0.02114434135711625,0.021161204663829515,0.021449976700477668,0.02151872629163578,0.021823011
2026-06-09,2026-06-10,0.0206697843605839,0.020651956821597,0.0212377029498811,0.02125319096507522,0.020830695548236945,0.021387902025296904,0.021203255
2026-06-10,2026-06-11,0.0221148126101282,0.0206697843605839,0.02117559017533204,0.02118807612575097,0.02091380885584215,0.021356260777694012,0.021144005
2026-06-11,2026-06-12,0.0221097272759199,0.0221148126101282,0.022598517305451944,0.022609791306363355,0.022668890444909443,0.022279913258190474,0.022485157
2026-06-12,2026-06-13,0.0217748741014313,0.0221097272759199,0.021897396894130554,0.021907744310801745,0.02220127159672755,0.022115637733020332,0.021938402
2026-06-13,2026-06-14,0.0220882190749815,0.0217748741014313,0.02198108483443668,0.021989634097399402,0.02211506086610524,0.021966360676708905,0.021964747
2026-06-14,2026-06-15,0.0222202674929153,0.0220882190749815,0.022478699063423233,0.0224861302318528,0.02254500227225562,0.02251630844984395,0.022091944
2026-06-15,2026-06-16,0.0222277981349109,0.0222202674929153,0.022596555649175593,0.022602781221146763,0.02267843381343888,0.02258396628388103,0.022148699
2026-06-16,2026-06-17,0.0223440737590221,0.0222277981349109,0.02259283996378455,0.0225984640750847,0.02259489197453049,0.022420577219891276,0.022160614
2026-06-17,2026-06-18,0.022575830284364,0.0223440737590221,0.02270191729417254,0.022707600122520044,0.022563715728618393,0.022649743384755245,0.022360299
2026-06-18,2026-06-19,0.0225686695241152,0.022575830284364,0.022768134220093862,0.022774679355110676,0.02267219892605759,0.02273216427497627,0.022392133
2026-06-19,2026-06-20,0.022787643574645,0.0225686695241152,0.022896764819680074,0.022902461005031283,0.022709184174293594,0.022795408072785333,0.022143433
2026-06-20,2026-06-21,0.0225175569752324,0.022787643574645,0.02278814890266998,0.022793227083891945,0.022820096613902142,0.02276632263023617,0.022387696
2026-06-21,2026-06-22,0.0223881276939958,0.0225175569752324,0.022497735523153033,0.022503217278289234,0.022447023307058757,0.022478389608822587,0.022138424
2026-06-22,2026-06-23,0.0224596278404183,0.0223881276939958,0.02265442930699408,0.02265945203373218,0.02220608122310225,0.022453848005035394,0.022116698
2026-06-23,2026-06-24,0.022659537759421,0.0224596278404183,0.02274096824282422,0.022746545794703844,0.022441083958615014,0.022764450170689975,0.022164378
2026-06-24,2026-06-25,0.0227169901870861,0.022659537759421,0.02297327996305717,0.02297975338651846,0.022510967663983042,0.023104248805736704,0.022457626
2026-06-25,2026-06-26,0.0227311412684295,0.0227169901870861,0.02301256291908269,0.023019202362906506,0.022487133977879777,0.02292379068552622,0.022391988
2026-06-26,2026-06-27,0.0227416292288555,0.0227311412684295,0.023086857269134266,0.023092454120767943,0.022568131118141942,0.02280484374297036,0.022214245
2026-06-27,2026-06-28,0.0227246056001137,0.0227416292288555,0.02307117891340177,0.0230761312123025,0.02265419894257281,0.022629052220186283,0.022277096
2026-06-28,2026-06-29,0.0228550278388877,0.0227246056001137,0.022937274573794124,0.02294204734532175,0.02242600783190393,0.022736351796904815,0.022600194
2026-06-29,2026-06-30,0.0231430149706303,0.0228550278388877,0.023167864006924173,0.023172237160883905,0.022571285755843593,0.022715300949901346,0.022874495
2026-06-30,2026-07-01,0.0233928870795804,0.0231430149706303,0.02308476014732499,0.023090276699163435,0.02283278626560461,0.023235318888455637,0.02314879
2026-07-01,2026-07-02,0.0209629976225766,0.0233928870795804,0.020656732389573034,0.020664160715865375,0.02301022490092398,0.023330962705223644,0.022905994
2026-07-02,2026-07-03,0.0199964117609724,0.0209629976225766,0.0201722694866061,0.02018082524403476,0.020820734605042655,0.02194007070801847,0.021232666
2026-07-03,2026-07-04,0.0200612600709779,0.0199964117609724,0.020394016474699413,0.02040172325677043,0.019942436797820328,0.02077690481877877,0.020083632
2026-07-04,2026-07-05,0.0182309308346206,0.0200612600709779,0.018606617229807672,0.018615486326940746,0.02010218307359356,0.020412248619795202,0.019896414
2026-07-05,2026-07-06,0.0182366513371406,0.0182309308346206,0.018610165874155937,0.01861814702936203,0.018435799192571156,0.019315964039698492,0.019068634
2026-07-06,2026-07-07,0.0169147071019035,0.0182366513371406,0.017192070395661025,0.01720104611465783,0.01851549036824259,0.019118886542474543,0.019019969
2026-07-07,2026-07-08,0.0171880831555323,0.0169147071019035,0.017291598928344528,0.017300035078265507,0.017173337216566997,0.017899030091544782,0.01801901
2026-07-08,2026-07-09,0.0169180547096416,0.0171880831555323,0.017111253779040908,0.01712033903164181,0.017496977723040277,0.017682759180424272,0.017788105
2026-07-09,2026-07-10,0.01708107843167,0.0169180547096416,0.01730272805400389,0.017311595483217115,0.017156248645622377,0.017405596001779673,0.017441403
2026-07-10,2026-07-11,0.0159497500543231,0.01708107843167,0.01634430271501139,0.016354664685790637,0.01727154615318969,0.017412972568823407,0.017465375
2026-07-11,2026-07-12,0.0159492145167678,0.0159497500543231,0.016355060071330627,0.01636452103821102,0.016033702494027684,0.017274158774632623,0.01649463
2026-07-12,2026-07-13,0.0162797297951014,0.0159492145167678,0.016140786574736818,0.016149809377243328,0.01614410585386266,0.017076206928204087,0.016317394
2026-07-13,2026-07-14,0.017696121064231,0.0162797297951014,0.016225229168268004,0.016236085468231173,0.016568868009231554,0.017301751556316938,0.01677694
2026-07-14,2026-07-15,0.0176238086624787,0.017696121064231,0.018138427889194363,0.018152533991132026,0.01794736660321407,0.01814973675911752,0.018288013
2026-07-15,2026-07-16,0.0177213197573234,0.0176238086624787,0.018018346640953767,0.01803023137853174,0.01760976481371644,0.017737155401761392,0.017594162
2026-07-16,2026-07-17,0.0174312598786979,0.0177213197573234,0.017888104478788316,0.017899210155199873,0.017860530701699632,0.017838499481357982,0.017774124
2026-07-17,2026-07-18,0.0170183158787656,0.0174312598786979,0.017281586992735024,0.01729209251679397,0.01755584056039277,0.017492763617546148,0.01769806
2026-07-18,2026-07-19,0.0169543599839804,0.0170183158787656,0.017376985866551564,0.017386871346958793,0.017230161098571097,0.017253440126625077,0.017589148
