walk_forward_fold,fit_train_end,date,target_date,actual,rolling_historical,garch_1_1,garch_sqrt_expected_variance,lagged_linear_regression,random_forest,lstm
1,2025-11-15,2025-11-16,2025-11-17,0.0217449738683272,0.0216164731576364,0.02199050943366447,0.022000163353260275,0.022080274048279735,0.022115013255717752,0.022042412
1,2025-11-15,2025-11-17,2025-11-18,0.0215996457886611,0.0217449738683272,0.02193749874086847,0.021947067980494332,0.022470011368876525,0.022329901600509565,0.0222771
1,2025-11-15,2025-11-18,2025-11-19,0.0212504778036173,0.0215996457886611,0.021621572056515253,0.021630048051861847,0.022023649059808754,0.021882666583132985,0.022207176
1,2025-11-15,2025-11-19,2025-11-20,0.0229208777930812,0.0212504778036173,0.021504415767776897,0.021512278504468893,0.02150658002631541,0.02166588179813266,0.021962674
1,2025-11-15,2025-11-20,2025-11-21,0.0230000908718328,0.0229208777930812,0.023504835371712073,0.023518385259595733,0.023291357113029612,0.023259038808103247,0.023655845
1,2025-11-15,2025-11-21,2025-11-22,0.0222505930250165,0.0230000908718328,0.02280770593789612,0.022820920816792628,0.022781282392534716,0.0234964457435822,0.0234106
1,2025-11-15,2025-11-22,2025-11-23,0.0228450109133031,0.0222505930250165,0.022520144819997423,0.022531422350283138,0.02256837138529521,0.023086953573026255,0.02280654
1,2025-11-15,2025-11-23,2025-11-24,0.0231490853946345,0.0228450109133031,0.02319091348734297,0.02320079021791761,0.023141510837748604,0.02335274597637564,0.023459475
1,2025-11-15,2025-11-24,2025-11-25,0.0222607865947931,0.0231490853946345,0.02274081274355929,0.022750297035024004,0.023149391029321103,0.02375113306236487,0.023649279
1,2025-11-15,2025-11-25,2025-11-26,0.0236469562572422,0.0222607865947931,0.022694032855037627,0.022702396889055804,0.022500089890741225,0.023298460466401195,0.023046914
1,2025-11-15,2025-11-26,2025-11-27,0.0238525653552163,0.0236469562572422,0.024097003174689186,0.02410520877535021,0.023982726206657035,0.02406781063927699,0.024411848
1,2025-11-15,2025-11-27,2025-11-28,0.0236180314982054,0.0238525653552163,0.024028126441702637,0.024034814315165198,0.024018959830089413,0.024224736843221607,0.023988057
1,2025-11-15,2025-11-28,2025-11-29,0.0235688354374725,0.0236180314982054,0.023925738039971438,0.02393138713237743,0.023906910831086665,0.02381587494568037,0.02412463
1,2025-11-15,2025-11-29,2025-11-30,0.0233466696850963,0.0235688354374725,0.02370045727497771,0.0237055441182294,0.023704690985010966,0.023775028987967965,0.024236018
1,2025-11-15,2025-11-30,2025-12-01,0.0243546769388573,0.0233466696850963,0.023589066602337512,0.023593735698877665,0.023508502755686653,0.023556952919780275,0.024255306
1,2025-11-15,2025-12-01,2025-12-02,0.0270130408457902,0.0243546769388573,0.024721289022615698,0.024729686404411574,0.024538372304196632,0.02437311217039228,0.025647087
1,2025-11-15,2025-12-02,2025-12-03,0.0269081158388072,0.0270130408457902,0.026950556837898848,0.026961483269211356,0.0270575111463487,0.02618459100518099,0.026957657
1,2025-11-15,2025-12-03,2025-12-04,0.0256621848425333,0.0269081158388072,0.02609185948939353,0.026101700799788255,0.026964317203773628,0.02648947780581852,0.026807297
1,2025-11-15,2025-12-04,2025-12-05,0.0255859561026594,0.0256621848425333,0.025621351403550895,0.02562991892975237,0.025731149482910397,0.026198034022096348,0.026086004
1,2025-11-15,2025-12-05,2025-12-06,0.0253005605325519,0.0255859561026594,0.025774634532525226,0.025783138857699475,0.02568889794707656,0.026163785094028776,0.02625659
1,2025-11-15,2025-12-06,2025-12-07,0.0251188153553044,0.0253005605325519,0.025337346234585438,0.025344462242436774,0.025380266473785794,0.02568186787381107,0.025894536
1,2025-11-15,2025-12-07,2025-12-08,0.0251297051978058,0.0251188153553044,0.025490299396840006,0.02549611457157199,0.025440060939378995,0.025286202282437005,0.025985954
1,2025-11-15,2025-12-08,2025-12-09,0.0250728929671116,0.0251297051978058,0.024934128786669958,0.02493935372901027,0.025142974969709662,0.025032400240198316,0.025731966
1,2025-11-15,2025-12-09,2025-12-10,0.0248940761641793,0.0250728929671116,0.02525373470694378,0.025258799510031304,0.025319726112553512,0.025052528745397016,0.025526345
1,2025-11-15,2025-12-10,2025-12-11,0.0245476514060142,0.0248940761641793,0.024825595278210988,0.02483007523408755,0.024955214964411637,0.024683007337864517,0.02529296
1,2025-11-15,2025-12-11,2025-12-12,0.0247824293304044,0.0245476514060142,0.024786639781208673,0.024790489375431466,0.024423085648034356,0.024363018839694606,0.025189733
1,2025-11-15,2025-12-12,2025-12-13,0.0246322871889383,0.0247824293304044,0.024958117296896645,0.024962410716677808,0.0247068271538514,0.024403356304728407,0.025168438
1,2025-11-15,2025-12-13,2025-12-14,0.0231612079997069,0.0246322871889383,0.02314221242284934,0.023146647191388744,0.024502170419317897,0.02452592671034254,0.024621496
1,2025-11-15,2025-12-14,2025-12-15,0.023242138934793,0.0231612079997069,0.023387158658949296,0.02339205834425026,0.023238406245859267,0.023363088248191596,0.023541361
1,2025-11-15,2025-12-15,2025-12-16,0.0234161769249341,0.023242138934793,0.023506935285054716,0.023511851971994648,0.02348521345216745,0.023651290529699567,0.02310323
1,2025-11-15,2025-12-16,2025-12-17,0.0233322507788822,0.0234161769249341,0.023467888592306738,0.023472521401118947,0.02327455610716015,0.023122673457594407,0.022766436
1,2025-11-15,2025-12-17,2025-12-18,0.0232836033725287,0.0233322507788822,0.023596245248140683,0.02360089358862434,0.023056780006552986,0.02293559345824854,0.022748467
1,2025-11-15,2025-12-18,2025-12-19,0.0239103773943069,0.0232836033725287,0.023482726915658787,0.023486935573259638,0.023114926450015026,0.022878586506737675,0.022739366
1,2025-11-15,2025-12-19,2025-12-20,0.0216497944192504,0.0239103773943069,0.02203126351373405,0.022037660643472283,0.023765272376341816,0.02338131082770905,0.023248667
1,2025-11-15,2025-12-20,2025-12-21,0.0213673762132178,0.0216497944192504,0.02172421127283744,0.02172991016249658,0.021375636449301422,0.02196463872216853,0.02140907
1,2025-11-15,2025-12-21,2025-12-22,0.0213396969879451,0.0213673762132178,0.021674316168626362,0.02167935138796409,0.021100753432174307,0.021496453649459176,0.021036837
1,2025-11-15,2025-12-22,2025-12-23,0.0210363221069393,0.0213396969879451,0.021218012630941325,0.021222738329441944,0.021041917892170782,0.021298398545843086,0.021279678
1,2025-11-15,2025-12-23,2025-12-24,0.0208223119051381,0.0210363221069393,0.02113846270054233,0.02114314330833348,0.020754553472324345,0.021040330770751976,0.020938147
1,2025-11-15,2025-12-24,2025-12-25,0.0207585371434127,0.0208223119051381,0.02104395724279649,0.021048287264811328,0.020394564831979607,0.02054325343306238,0.020484146
1,2025-11-15,2025-12-25,2025-12-26,0.0196974341009161,0.0207585371434127,0.020005578002446636,0.02001032645178579,0.020359194984114006,0.020318853457456158,0.020330377
1,2025-11-15,2025-12-26,2025-12-27,0.0196338251868521,0.0196974341009161,0.01989595384765983,0.01990050462603482,0.01950268200446934,0.019527820864029117,0.019778546
1,2025-11-15,2025-12-27,2025-12-28,0.0196241571016604,0.0196338251868521,0.01992132629152723,0.019925686808764748,0.019339155293027085,0.018708760948332882,0.019208066
1,2025-11-15,2025-12-28,2025-12-29,0.019664445497368,0.0196241571016604,0.019918242924669993,0.019922412678884664,0.019414134892997363,0.018202732172958522,0.019326145
1,2025-11-15,2025-12-29,2025-12-30,0.019850410187811,0.019664445497368,0.019946859378572702,0.019951015854277956,0.019391004790613675,0.018104339037833914,0.019657645
1,2025-11-15,2025-12-30,2025-12-31,0.0179594417495761,0.019850410187811,0.018192883933822998,0.01819869358892692,0.01944248282548713,0.018309252286667833,0.019422136
1,2025-11-15,2025-12-31,2026-01-01,0.0147533822362653,0.0179594417495761,0.014912200716301593,0.01492249478453132,0.017650657233827586,0.017283964560390618,0.017662074
1,2025-11-15,2026-01-01,2026-01-02,0.0142638577946551,0.0147533822362653,0.014452333273752331,0.014464148491099086,0.014601938889484132,0.015742985252852542,0.01551946
1,2025-11-15,2026-01-02,2026-01-03,0.0141164001188353,0.0142638577946551,0.014468414256037685,0.014480327041488215,0.014218323044900278,0.014907894052191279,0.01479262
1,2025-11-15,2026-01-03,2026-01-04,0.0130697121460137,0.0141164001188353,0.013410252173447764,0.01342448091598753,0.014000183415455185,0.013859504631911572,0.01409267
1,2025-11-15,2026-01-04,2026-01-05,0.0137882258936195,0.0130697121460137,0.0135163369286327,0.013530243181533789,0.013035738416018856,0.013502574421775621,0.0136192925
1,2025-11-15,2026-01-05,2026-01-06,0.0136264491550088,0.0137882258936195,0.014117984443492364,0.014133845012262709,0.013936411445491249,0.013893715950261697,0.014357084
1,2025-11-15,2026-01-06,2026-01-07,0.0145144660573877,0.0136264491550088,0.014093421879426738,0.014107809022815256,0.013622889057362789,0.013670694804949764,0.013907689
1,2025-11-15,2026-01-07,2026-01-08,0.013904746330583,0.0145144660573877,0.01441230885344313,0.014429213170292996,0.014552235561495843,0.01453318982568501,0.01458721
1,2025-11-15,2026-01-08,2026-01-09,0.0138660719556835,0.013904746330583,0.014331051864263988,0.014346292546140092,0.01393209983384905,0.013799181201081675,0.014155477
1,2025-11-15,2026-01-09,2026-01-10,0.0138193999276119,0.0138660719556835,0.014284916925716071,0.014298957159904296,0.014033207286689355,0.013632235579802613,0.0140015725
1,2025-11-15,2026-01-10,2026-01-11,0.0130981967351049,0.0138193999276119,0.013529741453768663,0.013544727847707584,0.013977274771921037,0.013587035015817296,0.0134909
1,2025-11-15,2026-01-11,2026-01-12,0.0131057948201844,0.0130981967351049,0.013554863312852796,0.013568986707243784,0.013239581275020352,0.013249062304144608,0.013331438
1,2025-11-15,2026-01-12,2026-01-13,0.0145988573124295,0.0131057948201844,0.012778359988654096,0.012794220358891429,0.013308599404614258,0.013341322661504439,0.013288765
1,2025-11-15,2026-01-13,2026-01-14,0.0141775235181346,0.0145988573124295,0.014619517771220912,0.01464401627660824,0.014775902773530665,0.014618547774091738,0.015162582
1,2025-11-15,2026-01-14,2026-01-15,0.0143404642342057,0.0141775235181346,0.014597299800810381,0.014619924411315592,0.014051226136969614,0.014460345743825764,0.01457966
1,2025-11-15,2026-01-15,2026-01-16,0.0137822278399911,0.0143404642342057,0.014354101194721625,0.014375794064115311,0.014370110178940968,0.01465377502710269,0.0144916335
1,2025-11-15,2026-01-16,2026-01-17,0.013683284515384,0.0137822278399911,0.014148573558387969,0.01416817480031401,0.01391533331507901,0.014218155994031596,0.014093009
2,2026-01-16,2026-01-17,2026-01-18,0.0131846262102042,0.013683284515384,0.01326291119010127,0.01328224519553367,0.013992197369119327,0.013889827714498067,0.013731356
2,2026-01-16,2026-01-18,2026-01-19,0.0134021165413231,0.0131846262102042,0.013698190779780045,0.01371572841179888,0.013548995435843444,0.014132873182943208,0.013739861
2,2026-01-16,2026-01-19,2026-01-20,0.0159778263123348,0.0134021165413231,0.013889326344012718,0.013905195079743,0.013735387366246092,0.014078514204457987,0.013896985
2,2026-01-16,2026-01-20,2026-01-21,0.0161099107939861,0.0159778263123348,0.016566737600895574,0.016585869071661704,0.01644097008948548,0.015499988315873795,0.015691474
2,2026-01-16,2026-01-21,2026-01-22,0.0159227892306419,0.0161099107939861,0.01647018629797804,0.016486900108731495,0.016435030003211688,0.016187571882924103,0.015506025
2,2026-01-16,2026-01-22,2026-01-23,0.0159204644082931,0.0159227892306419,0.016421398038076546,0.016435518345960156,0.01617001646085567,0.01671578777189729,0.015372624
2,2026-01-16,2026-01-23,2026-01-24,0.0159096206836661,0.0159204644082931,0.016346322636941767,0.016358595146730392,0.0162984480940137,0.016781419342943256,0.015510988
2,2026-01-16,2026-01-24,2026-01-25,0.0167984148644931,0.0159096206836661,0.01634419765024588,0.016355010219310115,0.01622350804193881,0.016793857188286083,0.015471656
2,2026-01-16,2026-01-25,2026-01-26,0.0171328735910069,0.0167984148644931,0.017224071519822304,0.017235734381117297,0.017097112047542967,0.01696640302429157,0.016440265
2,2026-01-16,2026-01-26,2026-01-27,0.0172326614950727,0.0171328735910069,0.017585490061047537,0.017596403624846945,0.017282601821301865,0.01737062877655605,0.01699374
2,2026-01-16,2026-01-27,2026-01-28,0.0171581287397056,0.0172326614950727,0.017588151610301937,0.017598004855721983,0.017189764016091912,0.017071776150606805,0.016620263
2,2026-01-16,2026-01-28,2026-01-29,0.0195943655836257,0.0171581287397056,0.01737874537040656,0.017387658501958357,0.017179984923817518,0.016938840357825478,0.016611014
2,2026-01-16,2026-01-29,2026-01-30,0.0195467258432379,0.0195943655836257,0.020089296119262696,0.02010347101210136,0.019732214014804406,0.018774017078292193,0.019131456
2,2026-01-16,2026-01-30,2026-01-31,0.0227816635206516,0.0195467258432379,0.01985186803267107,0.01986374784915625,0.019314191550513848,0.019027528623718905,0.019037072
2,2026-01-16,2026-01-31,2026-02-01,0.0228178522951976,0.0227816635206516,0.023271150533168545,0.023290929179806387,0.02303939052421485,0.022119053609674852,0.022397434
2,2026-01-16,2026-02-01,2026-02-02,0.0232704422086749,0.0228178522951976,0.023345258258795465,0.023362164419297893,0.022628151782278495,0.022458539416083282,0.022350928
2,2026-01-16,2026-02-02,2026-02-03,0.0238788149102627,0.0232704422086749,0.02369515935671965,0.0237089471711866,0.023592480534257602,0.02294799561713275,0.023543105
2,2026-01-16,2026-02-03,2026-02-04,0.0236646656005705,0.0238788149102627,0.02376495389547892,0.023780582702037315,0.024590963924527698,0.023603820045891094,0.024051718
2,2026-01-16,2026-02-04,2026-02-05,0.0351297072288029,0.0236646656005705,0.02425141063641982,0.024266826818907728,0.02416178919397013,0.023926203574015124,0.024257854
2,2026-01-16,2026-02-05,2026-02-06,0.0420483652854516,0.0351297072288029,0.03643300095455865,0.036480913286842866,0.03558181020568822,0.02981234867491402,0.031305864
2,2026-01-16,2026-02-06,2026-02-07,0.0420716589025691,0.0420483652854516,0.043439522951518206,0.04348123959157577,0.04199443659851544,0.03352643175689702,0.038199317
2,2026-01-16,2026-02-07,2026-02-08,0.0423005613974596,0.0420716589025691,0.04323527003183976,0.04326483025758823,0.041783409384109405,0.036115751509418474,0.039371185
2,2026-01-16,2026-02-08,2026-02-09,0.042295142533514,0.0423005613974596,0.04325253338173335,0.04327302887655584,0.04256857241717863,0.038034522828558,0.039256103
2,2026-01-16,2026-02-09,2026-02-10,0.0422469779934206,0.042295142533514,0.04302204796515072,0.043036568798685684,0.042682174035434214,0.0381089542767117,0.03887361
2,2026-01-16,2026-02-10,2026-02-11,0.0422851350742177,0.0422469779934206,0.04288357376024826,0.04289441878030305,0.042300836003280606,0.03810265370804899,0.039227027
2,2026-01-16,2026-02-11,2026-02-12,0.0410140394759758,0.0422851350742177,0.04166553641613212,0.04167521953075746,0.042170959557921016,0.03817663429826301,0.03986232
2,2026-01-16,2026-02-12,2026-02-13,0.0417314049994687,0.0410140394759758,0.041244671747677306,0.04125235387317537,0.04062874935567087,0.039104248669781176,0.039026324
2,2026-01-16,2026-02-13,2026-02-14,0.0419843146367489,0.0417314049994687,0.04225428368017489,0.04226053655423253,0.042231508402163186,0.03872938613788332,0.038123474
2,2026-01-16,2026-02-14,2026-02-15,0.0419426456347728,0.0419843146367489,0.04239328496309587,0.042397986741202695,0.042307251625749574,0.038707243996470735,0.038423095
2,2026-01-16,2026-02-15,2026-02-16,0.0419849973937705,0.0419426456347728,0.042333884657076576,0.04233766265744744,0.04214689980585319,0.03871331970693677,0.039711505
2,2026-01-16,2026-02-16,2026-02-17,0.0420109048399287,0.0419849973937705,0.04232792790454794,0.04233079429602811,0.042163659161408115,0.038753052988134466,0.039576184
2,2026-01-16,2026-02-17,2026-02-18,0.0420195908414266,0.0420109048399287,0.04234556140704104,0.04234809887678776,0.042405663786130476,0.03871907922224579,0.040086072
2,2026-01-16,2026-02-18,2026-02-19,0.0416234305971954,0.0420195908414266,0.04179846396656682,0.04180061345697638,0.042288477797754354,0.038624768330297966,0.039663382
2,2026-01-16,2026-02-19,2026-02-20,0.0416894020198004,0.0416234305971954,0.04172352299289592,0.04172532973340949,0.04149588691803226,0.03870166959869189,0.03825168
2,2026-01-16,2026-02-20,2026-02-21,0.0416756719378149,0.0416894020198004,0.04190416162118297,0.04190571255671953,0.04018399480089417,0.03695586643253581,0.03756026
2,2026-01-16,2026-02-21,2026-02-22,0.0416433139350954,0.0416756719378149,0.04187433679420613,0.041875654793758314,0.03985075037206398,0.036831762209768665,0.037664708
2,2026-01-16,2026-02-22,2026-02-23,0.0421306709913869,0.0416433139350954,0.04185640216653716,0.041857555117651386,0.03967185857958956,0.03694300107173083,0.03752522
2,2026-01-16,2026-02-23,2026-02-24,0.0419918570014737,0.0421306709913869,0.042280115255234785,0.04228200753999748,0.0403768736731331,0.037355990182738344,0.037124127
2,2026-01-16,2026-02-24,2026-02-25,0.0435837493596781,0.0419918570014737,0.04190759307737906,0.04190933127082523,0.040004512850456496,0.0370725560056634,0.036287364
2,2026-01-16,2026-02-25,2026-02-26,0.0434366576545384,0.0435837493596781,0.043793540152815454,0.04379638506980174,0.04202980586822663,0.03889681976898815,0.03554779
2,2026-01-16,2026-02-26,2026-02-27,0.0434771479003466,0.0434366576545384,0.04371650773195728,0.04371878773204518,0.041656326859270704,0.039005398696336215,0.038177907
2,2026-01-16,2026-02-27,2026-02-28,0.042952065446605,0.0434771479003466,0.04301207072020462,0.043014185342452695,0.04179160156743643,0.03928216865966398,0.039219566
2,2026-01-16,2026-02-28,2026-03-01,0.042987784961262,0.042952065446605,0.043226058206390514,0.04322779971667609,0.041314857225672755,0.03895803175821236,0.03840893
2,2026-01-16,2026-03-01,2026-03-02,0.0425463733167466,0.042987784961262,0.04175930584075298,0.04176091454527647,0.04155868469448121,0.03884628930890755,0.039168686
2,2026-01-16,2026-03-02,2026-03-03,0.0424044294342767,0.0425463733167466,0.042698575885232876,0.04270061138378347,0.04092255649939108,0.039087819578736194,0.037413187
2,2026-01-16,2026-03-03,2026-03-04,0.0438178657360116,0.0424044294342767,0.042377495029827544,0.042379185400328236,0.04094589438504716,0.03903015434396084,0.038357478
2,2026-01-16,2026-03-04,2026-03-05,0.0435154764378037,0.0438178657360116,0.04366234994156684,0.04366529667780032,0.04262921178236194,0.03910033082080732,0.0379237
2,2026-01-16,2026-03-05,2026-03-06,0.0436483982831943,0.0435154764378037,0.04341861073560166,0.043421181490822,0.04197362685451436,0.03932311746998975,0.03961697
2,2026-01-16,2026-03-06,2026-03-07,0.0335411366160631,0.0436483982831943,0.03387497047033003,0.03388074946321843,0.04216334791891854,0.039335273183044896,0.03996507
2,2026-01-16,2026-03-07,2026-03-08,0.0262070879005348,0.0335411366160631,0.026508494250279253,0.026517610922419343,0.032602892315812856,0.03556945811118362,0.03345557
2,2026-01-16,2026-03-08,2026-03-09,0.0269514357847416,0.0262070879005348,0.026495117744897705,0.026502881784472757,0.026151369237448478,0.03144106374083754,0.026340103
2,2026-01-16,2026-03-09,2026-03-10,0.0271102674496412,0.0269514357847416,0.027263610707339174,0.02727147140918966,0.027367181546990357,0.02927662416112722,0.023836033
2,2026-01-16,2026-03-10,2026-03-11,0.0271128619421346,0.0271102674496412,0.027544051745415472,0.027550737002845497,0.02706107793954214,0.028696010315972582,0.02434804
2,2026-01-16,2026-03-11,2026-03-12,0.026896415434064,0.0271128619421346,0.027275917832673573,0.02728133684962089,0.027168099197492603,0.027683527160164794,0.025383318
2,2026-01-16,2026-03-12,2026-03-13,0.0264379264377041,0.026896415434064,0.02678843373216802,0.026793101810161396,0.026585793312028,0.02762714941016945,0.026154805
2,2026-01-16,2026-03-13,2026-03-14,0.0263053383961386,0.0264379264377041,0.026635470010130273,0.02663945919153226,0.026161763588484887,0.027351533093513455,0.026429802
2,2026-01-16,2026-03-14,2026-03-15,0.0257109332155886,0.0263053383961386,0.025735288948780907,0.025738966553964276,0.026148891168945667,0.026937181421641546,0.026475474
2,2026-01-16,2026-03-15,2026-03-16,0.0260678053736155,0.0257109332155886,0.025926714812502784,0.02593048561590975,0.025733570142955162,0.025909598619458196,0.025867544
2,2026-01-16,2026-03-16,2026-03-17,0.0260457345145219,0.0260678053736155,0.026218687687747273,0.02622298599463522,0.026133462163145677,0.02595317706524224,0.025675397
2,2026-01-16,2026-03-17,2026-03-18,0.0269986058224816,0.0260457345145219,0.026364963403698465,0.026368726605757228,0.025753160259539845,0.02588886921763295,0.025635324
2,2026-01-16,2026-03-18,2026-03-19,0.0269448054276392,0.0269986058224816,0.027055327943734525,0.027060043940827696,0.02662261710194808,0.026355968155697847,0.026326789
2,2026-01-16,2026-03-19,2026-03-20,0.0267813753376276,0.0269448054276392,0.027105494949807026,0.02710979592187079,0.026564940657586758,0.02660241622967203,0.026132496
3,2026-03-19,2026-03-20,2026-03-21,0.0271336598539229,0.0267813753376276,0.027080522949724004,0.027084289020541868,0.026664130633332367,0.026786905234267813,0.026141074
3,2026-03-19,2026-03-21,2026-03-22,0.0271586877595182,0.0271336598539229,0.02733381070584797,0.02733759345585862,0.027204660675164062,0.027000107889110593,0.026861474
3,2026-03-19,2026-03-22,2026-03-23,0.02830819192185,0.0271586877595182,0.02746816971318155,0.027471552483878895,0.02733847359544224,0.026966755894101527,0.02680526
3,2026-03-19,2026-03-23,2026-03-24,0.0283039821331643,0.02830819192185,0.028683184182934182,0.028688554187245027,0.028405814953640328,0.027677422358667617,0.027438723
3,2026-03-19,2026-03-24,2026-03-25,0.0269503840367917,0.0283039821331643,0.027285997271644838,0.027290850389346935,0.028116900878394954,0.0277984428428262,0.027980722
3,2026-03-19,2026-03-25,2026-03-26,0.0277864372212789,0.0269503840367917,0.027182218486973247,0.02718635482605153,0.026350847082056067,0.027557547045306077,0.027066957
3,2026-03-19,2026-03-26,2026-03-27,0.0264376207205693,0.0277864372212789,0.02601094228502266,0.02601705731222556,0.027649245012118975,0.0276625566235899,0.027678916
3,2026-03-19,2026-03-27,2026-03-28,0.0264092440129124,0.0264376207205693,0.026847760996581406,0.026854608878156258,0.026200517143822332,0.027308653803199974,0.026738523
3,2026-03-19,2026-03-28,2026-03-29,0.026050591607408,0.0264092440129124,0.026412906472794866,0.02641831801913223,0.026280356332206264,0.026989603276503744,0.026297208
3,2026-03-19,2026-03-29,2026-03-30,0.0259658618990569,0.026050591607408,0.026211452971490454,0.02621585389790809,0.025816869660429138,0.026442562507797075,0.026447373
3,2026-03-19,2026-03-30,2026-03-31,0.0260369151531072,0.0259658618990569,0.026066845042618712,0.026070724741330206,0.025905618334030434,0.02608917193392014,0.026110733
3,2026-03-19,2026-03-31,2026-04-01,0.0246805380886101,0.0260369151531072,0.025021356298332784,0.025025901269967104,0.025856210131830336,0.026037157786026544,0.026120517
3,2026-03-19,2026-04-01,2026-04-02,0.0248658251833637,0.0246805380886101,0.024962075991280447,0.02496586484725715,0.024458107210827473,0.02502561448160252,0.02505856
3,2026-03-19,2026-04-02,2026-04-03,0.0219247159793136,0.0248658251833637,0.022270210773977117,0.02227570265719846,0.024616826186927107,0.024640534202187463,0.024974069
3,2026-03-19,2026-04-03,2026-04-04,0.0215461921403207,0.0219247159793136,0.02184443267070177,0.021849312085164222,0.02131352495813557,0.023031169968280862,0.023040755
3,2026-03-19,2026-04-04,2026-04-05,0.020863159841727,0.0215461921403207,0.020657109856420695,0.0206621381917821,0.021608915959886916,0.022190867504043088,0.02234735
3,2026-03-19,2026-04-05,2026-04-06,0.0207264831762605,0.020863159841727,0.021082566113874976,0.021088597378083832,0.020771092888700618,0.021735205140240067,0.021249123
3,2026-03-19,2026-04-06,2026-04-07,0.0218044551529282,0.0207264831762605,0.020715752118070353,0.020721256415936244,0.020601156678789083,0.020924265454934813,0.020653924
3,2026-03-19,2026-04-07,2026-04-08,0.0210141890570663,0.0218044551529282,0.021347217814461562,0.021357840286182685,0.021546622872275135,0.021694306551969942,0.021582121
3,2026-03-19,2026-04-08,2026-04-09,0.0207258780289724,0.0210141890570663,0.02110156489916132,0.021110596500929148,0.020643909735651705,0.02137699909291714,0.02016161
3,2026-03-19,2026-04-09,2026-04-10,0.0209092952179776,0.0207258780289724,0.02113063258548631,0.021138186051269846,0.02054022513370678,0.020842111937606055,0.019766843
3,2026-03-19,2026-04-10,2026-04-11,0.0208963857366815,0.0209092952179776,0.02128951608438977,0.021296419323935716,0.021019931689211242,0.020637958876531286,0.020039707
3,2026-03-19,2026-04-11,2026-04-12,0.0217391846083904,0.0208963857366815,0.021238316483395595,0.021244117514115996,0.02085733272401014,0.0205501028646028,0.020043207
3,2026-03-19,2026-04-12,2026-04-13,0.0236368665290247,0.0217391846083904,0.022135098233943863,0.02214229035607885,0.021728416371349424,0.021146610552972397,0.021135874
3,2026-03-19,2026-04-13,2026-04-14,0.023325685670816,0.0236368665290247,0.02386051284477818,0.02387244453905699,0.02378998941400882,0.02351847845457634,0.024107251
3,2026-03-19,2026-04-14,2026-04-15,0.0228040277577552,0.023325685670816,0.02322273703535222,0.023232266069557216,0.023204125441958413,0.023098784164696653,0.022822924
3,2026-03-19,2026-04-15,2026-04-16,0.0226794723528459,0.0228040277577552,0.023096405090972195,0.023104039048769544,0.022521931701789254,0.02299461766407305,0.02267329
3,2026-03-19,2026-04-16,2026-04-17,0.0219742292293464,0.0226794723528459,0.021974238626285985,0.021981350348659272,0.02264611772939584,0.022813204638184217,0.022699367
3,2026-03-19,2026-04-17,2026-04-18,0.0219653561055863,0.0219742292293464,0.02203995052305017,0.022047723277913118,0.021805032314019587,0.022425104744500015,0.022601996
3,2026-03-19,2026-04-18,2026-04-19,0.0225258716346348,0.0219653561055863,0.02234411292933952,0.022350979131193934,0.02199835756158977,0.022209458263111454,0.021806564
3,2026-03-19,2026-04-19,2026-04-20,0.0225218201672712,0.0225258716346348,0.022462594801913757,0.02246992456668253,0.02250746687062257,0.022715555383081735,0.022129782
3,2026-03-19,2026-04-20,2026-04-21,0.0222553895624789,0.0225218201672712,0.022691359306750574,0.022699480954074293,0.022567675539609977,0.02291730305811558,0.022430465
3,2026-03-19,2026-04-21,2026-04-22,0.0213108119855765,0.0222553895624789,0.021363994415124286,0.02137162299291379,0.022341662181939777,0.02285574994590428,0.022210052
3,2026-03-19,2026-04-22,2026-04-23,0.0212668572579403,0.0213108119855765,0.021687724769805676,0.02169563010833576,0.021308492453994812,0.02218994732433294,0.021935254
3,2026-03-19,2026-04-23,2026-04-24,0.0213728392363615,0.0212668572579403,0.021607702032592012,0.021614185548780994,0.021444932883529652,0.02175882254878312,0.021402651
3,2026-03-19,2026-04-24,2026-04-25,0.0201083164964302,0.0213728392363615,0.020492339136511092,0.020499257479701164,0.021509730314772105,0.021638830652454814,0.021204278
3,2026-03-19,2026-04-25,2026-04-26,0.0187164735200828,0.0201083164964302,0.019058115882101698,0.019065894712066177,0.02000678957195843,0.02119174444119445,0.020241914
3,2026-03-19,2026-04-26,2026-04-27,0.0191235726799538,0.0187164735200828,0.0190751137288614,0.019082856667129285,0.018829790049916636,0.01979777421725584,0.019354139
3,2026-03-19,2026-04-27,2026-04-28,0.019319817157154,0.0191235726799538,0.019405235001342086,0.019412723961807193,0.019235544264331467,0.01935293569727826,0.01910996
3,2026-03-19,2026-04-28,2026-04-29,0.0193988196829626,0.019319817157154,0.019648210507611424,0.019655012915548598,0.01919190167983703,0.01942457174525255,0.019020459
3,2026-03-19,2026-04-29,2026-04-30,0.0191222880063065,0.0193988196829626,0.01946509677586707,0.01947129966203347,0.019442502078078912,0.019071672924648418,0.018928342
3,2026-03-19,2026-04-30,2026-05-01,0.019452372118563,0.0191222880063065,0.019435300020722416,0.0194412049757775,0.019131070965887256,0.018957123744265437,0.0186191
3,2026-03-19,2026-05-01,2026-05-02,0.0189757505770939,0.019452372118563,0.019380402233048696,0.019388369631724786,0.01944627421448976,0.01949012116991958,0.018861838
3,2026-03-19,2026-05-02,2026-05-03,0.0190023300802225,0.0189757505770939,0.019343512086257536,0.01935073964640501,0.018941915808276442,0.018845363084241677,0.018167784
3,2026-03-19,2026-05-03,2026-05-04,0.0191022457803343,0.0190023300802225,0.019364662195015724,0.019371087331511282,0.019004814417908782,0.018681350702574318,0.018120244
3,2026-03-19,2026-05-04,2026-05-05,0.018798908374623,0.0191022457803343,0.019114693523889857,0.019121645186563372,0.018976055702535036,0.018804666560709084,0.018433873
3,2026-03-19,2026-05-05,2026-05-06,0.018742715871184,0.018798908374623,0.01912088156075919,0.019127976280660867,0.018738854398467904,0.01839114489592228,0.017989496
3,2026-03-19,2026-05-06,2026-05-07,0.0177261933372527,0.018742715871184,0.017660181533217727,0.017668032356652374,0.01883073032791188,0.018474487773462552,0.017888855
3,2026-03-19,2026-05-07,2026-05-08,0.0174741617907826,0.0177261933372527,0.017865270510564673,0.01787350184001264,0.017571454689403698,0.017624511914676858,0.01726178
3,2026-03-19,2026-05-08,2026-05-09,0.0174401410869323,0.0174741617907826,0.017811267215454153,0.017818717432960075,0.017502414926381576,0.017206618613663172,0.016676394
3,2026-03-19,2026-05-09,2026-05-10,0.0175160944116482,0.0174401410869323,0.01765004280120117,0.01765715274649214,0.017393621228699016,0.017081773075249527,0.016442318
3,2026-03-19,2026-05-10,2026-05-11,0.0175976473393271,0.0175160944116482,0.01789850860492291,0.017906518353676935,0.017591516307126704,0.017322987955849044,0.016610777
3,2026-03-19,2026-05-11,2026-05-12,0.0166579579551892,0.0175976473393271,0.016649794786393047,0.016659246582434326,0.017625168701385703,0.017239734269429274,0.016447302
3,2026-03-19,2026-05-12,2026-05-13,0.0145129139937683,0.0166579579551892,0.014619139086312117,0.014632446514381565,0.016502190841201622,0.017014980256248577,0.015970947
3,2026-03-19,2026-05-13,2026-05-14,0.014905896672863,0.0145129139937683,0.014923429933958933,0.014936250883068406,0.014429073193574503,0.01582487479775859,0.014855947
3,2026-03-19,2026-05-14,2026-05-15,0.0156879786474086,0.014905896672863,0.01534482652107803,0.015358864172801806,0.015079749129077221,0.01541360861136574,0.014967146
3,2026-03-19,2026-05-15,2026-05-16,0.0158843845092384,0.0156879786474086,0.016175586826109735,0.016189694837817032,0.015939385726536505,0.015974322578526993,0.0154422205
3,2026-03-19,2026-05-16,2026-05-17,0.0153391067616297,0.0158843845092384,0.015732622540608032,0.01574639783644498,0.0161099245306265,0.016346018863046985,0.015565862
3,2026-03-19,2026-05-17,2026-05-18,0.0149955305910839,0.0153391067616297,0.015414648683398563,0.015427757079273583,0.015678552726324117,0.016457874954144868,0.015223704
3,2026-03-19,2026-05-18,2026-05-19,0.0141831092864643,0.0149955305910839,0.014632932827404292,0.014646647590954758,0.01539554590615994,0.015584409360577105,0.015083449
3,2026-03-19,2026-05-19,2026-05-20,0.0133917478623767,0.0141831092864643,0.013759273685705675,0.013773864250429868,0.01439885635315477,0.014698540082092985,0.014426284
3,2026-03-19,2026-05-20,2026-05-21,0.0133493635285284,0.0133917478623767,0.013808289830274975,0.013822297419454316,0.013585404396756031,0.014186522471019307,0.013925567
4,2026-05-20,2026-05-21,2026-05-22,0.0135292378126705,0.0133493635285284,0.01304732746662329,0.013061527500169067,0.013767182308201967,0.013916081511406242,0.013773981
4,2026-05-20,2026-05-22,2026-05-23,0.0138800882207437,0.0135292378126705,0.014028476144235387,0.014045137208213272,0.013635140399869858,0.014106705759976685,0.014182323
4,2026-05-20,2026-05-23,2026-05-24,0.0137744724127611,0.0138800882207437,0.014249518968293188,0.014265374165115816,0.01392694714072451,0.014311217825147618,0.014267069
4,2026-05-20,2026-05-24,2026-05-25,0.0137831303643317,0.0137744724127611,0.014232717406982606,0.014246759577482736,0.013768218935669449,0.014074213656539806,0.01388035
4,2026-05-20,2026-05-25,2026-05-26,0.0139233242951595,0.0137831303643317,0.013999762218972539,0.01401304548472385,0.013812743508962992,0.013975098814904942,0.013837442
4,2026-05-20,2026-05-26,2026-05-27,0.0140483592723734,0.0139233242951595,0.014084740652090682,0.014099141300786308,0.014117532883415117,0.014202097259082265,0.014332312
4,2026-05-20,2026-05-27,2026-05-28,0.0139923120729077,0.0140483592723734,0.01434961169965692,0.014364745031150244,0.014385511109968087,0.014400235172664283,0.014553126
4,2026-05-20,2026-05-28,2026-05-29,0.0139432713211902,0.0139923120729077,0.014411994588137004,0.01442610421155197,0.014329855028783348,0.014261550192223905,0.014526726
4,2026-05-20,2026-05-29,2026-05-30,0.0139088463042921,0.0139432713211902,0.014296704714698811,0.014309627692209883,0.014211555223017569,0.013938488506117137,0.014113264
4,2026-05-20,2026-05-30,2026-05-31,0.0130460008113318,0.0139088463042921,0.013503106216903399,0.01351732957756854,0.014240502361285963,0.013774576374784055,0.013920999
4,2026-05-20,2026-05-31,2026-06-01,0.0139812551813537,0.0130460008113318,0.013405670553555217,0.013419226239878044,0.013296441074886194,0.013504899275526274,0.013530462
4,2026-05-20,2026-06-01,2026-06-02,0.0182756289131615,0.0139812551813537,0.014506008680846777,0.014523557961111858,0.014565981633168839,0.01404169723957509,0.014765296
4,2026-05-20,2026-06-02,2026-06-03,0.0188578116892891,0.0182756289131615,0.018685007506469828,0.018720706981874075,0.018974571743488856,0.017351578674916993,0.01930541
4,2026-05-20,2026-06-03,2026-06-04,0.0184706111281881,0.0188578116892891,0.01934234179279839,0.019378448980590397,0.019079408847811844,0.01870709721841651,0.019600643
4,2026-05-20,2026-06-04,2026-06-05,0.0194643326384443,0.0184706111281881,0.019037422321435436,0.019065519817419923,0.018826533661679336,0.01893021901482216,0.019028444
4,2026-05-20,2026-06-05,2026-06-06,0.0194439272039174,0.0194643326384443,0.02023852176746848,0.020269125189146437,0.020632256639835107,0.020494479105375094,0.02042274
4,2026-05-20,2026-06-06,2026-06-07,0.0212947365663283,0.0194439272039174,0.02005222152784754,0.020075719717914407,0.02039693667896217,0.019975885956305436,0.01989796
4,2026-05-20,2026-06-07,2026-06-08,0.0211522919255362,0.0212947365663283,0.02183451135497376,0.021854914223848686,0.022343537130373837,0.021874235455839587,0.022758368
4,2026-05-20,2026-06-08,2026-06-09,0.020651956821597,0.0211522919255362,0.021152889495404316,0.021170200690573807,0.021597648505404268,0.021866335035944772,0.021525463
4,2026-05-20,2026-06-09,2026-06-10,0.0206697843605839,0.020651956821597,0.021242295405589702,0.021258014216651567,0.020798804779552905,0.021593372773940595,0.020707184
4,2026-05-20,2026-06-10,2026-06-11,0.0221148126101282,0.0206697843605839,0.021172369042893782,0.02118470911869708,0.02082872832910402,0.02125012157711617,0.020726081
4,2026-05-20,2026-06-11,2026-06-12,0.0221097272759199,0.0221148126101282,0.0226029548608394,0.022614414999098557,0.022567382897176577,0.022304722696352062,0.022457894
4,2026-05-20,2026-06-12,2026-06-13,0.0217748741014313,0.0221097272759199,0.02189444442112925,0.021904671547403363,0.022161469160674904,0.02208072368409013,0.021786505
4,2026-05-20,2026-06-13,2026-06-14,0.0220882190749815,0.0217748741014313,0.021975169064198448,0.021983499642157907,0.021934998326022477,0.022121941159510515,0.02185174
4,2026-05-20,2026-06-14,2026-06-15,0.0222202674929153,0.0220882190749815,0.02247337144499735,0.022480620493247557,0.022417458641182136,0.022510185295007045,0.02207897
4,2026-05-20,2026-06-15,2026-06-16,0.0222277981349109,0.0222202674929153,0.022588275950048406,0.02259424311011067,0.022603048057996056,0.022414862994262357,0.022152528
4,2026-05-20,2026-06-16,2026-06-17,0.0223440737590221,0.0222277981349109,0.02258294232817424,0.022588272751617657,0.022565549857826703,0.0223690750007231,0.02211157
4,2026-05-20,2026-06-17,2026-06-18,0.022575830284364,0.0223440737590221,0.022693549143225987,0.022698982296887667,0.022613297986798314,0.022459286975983372,0.022273283
4,2026-05-20,2026-06-18,2026-06-19,0.0225686695241152,0.022575830284364,0.022763673610235603,0.022770075557025385,0.022772806532532323,0.022636253605705394,0.022425706
4,2026-05-20,2026-06-19,2026-06-20,0.022787643574645,0.0225686695241152,0.022889715519420404,0.02289520125604674,0.022774214397137182,0.02262632745112539,0.022330174
4,2026-05-20,2026-06-20,2026-06-21,0.0225175569752324,0.022787643574645,0.022780000053778025,0.02278484843372496,0.022882043715481082,0.02281950640379271,0.022591712
4,2026-05-20,2026-06-21,2026-06-22,0.0223881276939958,0.0225175569752324,0.02249000212009527,0.022495255602487465,0.022560857634156536,0.02247659608840425,0.022280563
4,2026-05-20,2026-06-22,2026-06-23,0.0224596278404183,0.0223881276939958,0.022645943309107415,0.02265072702346729,0.022349421457494963,0.02234123960102751,0.022222787
4,2026-05-20,2026-06-23,2026-06-24,0.022659537759421,0.0224596278404183,0.022735149892000497,0.022740554479601383,0.022574051339432237,0.02279807743096438,0.022262327
4,2026-05-20,2026-06-24,2026-06-25,0.0227169901870861,0.022659537759421,0.02297241946125282,0.022978865387447055,0.022710666357391045,0.02298280306495999,0.022676025
4,2026-05-20,2026-06-25,2026-06-26,0.0227311412684295,0.0227169901870861,0.023012193281478494,0.0230188207735111,0.02268044427845583,0.022927314064783866,0.022700628
4,2026-05-20,2026-06-26,2026-06-27,0.0227416292288555,0.0227311412684295,0.023082288939602694,0.02308775063627582,0.022758913389101715,0.022781055635854898,0.022375211
4,2026-05-20,2026-06-27,2026-06-28,0.0227246056001137,0.0227416292288555,0.023063491785761135,0.02306823035107746,0.02281457628790794,0.022718728409532887,0.022488263
4,2026-05-20,2026-06-28,2026-06-29,0.0228550278388877,0.0227246056001137,0.022928053270447273,0.02293257353846819,0.02260110841130375,0.02270970016615493,0.022823732
4,2026-05-20,2026-06-29,2026-06-30,0.0231430149706303,0.0228550278388877,0.023158554512730932,0.023162684868544222,0.022747763413481,0.022728258808938816,0.022871867
4,2026-05-20,2026-06-30,2026-07-01,0.0233928870795804,0.0231430149706303,0.023081910753690708,0.023087343437345694,0.02302115598117093,0.023125555432857436,0.023384178
4,2026-05-20,2026-07-01,2026-07-02,0.0209629976225766,0.0233928870795804,0.020656249968449177,0.02066366107311467,0.02309019217498692,0.02331216638783359,0.022715116
4,2026-05-20,2026-07-02,2026-07-03,0.0199964117609724,0.0209629976225766,0.020174881702091873,0.020183538544856265,0.020497009124161893,0.021859334352797653,0.020954471
4,2026-05-20,2026-07-03,2026-07-04,0.0200612600709779,0.0199964117609724,0.02039364314571753,0.020401336288313327,0.019883197577787594,0.02079728754035647,0.019788103
4,2026-05-20,2026-07-04,2026-07-05,0.0182309308346206,0.0200612600709779,0.018601682522887745,0.018610351513389377,0.02004737861122474,0.0201984889691358,0.019491471
4,2026-05-20,2026-07-05,2026-07-06,0.0182366513371406,0.0182309308346206,0.01860199805583422,0.018609665281492667,0.018197348382867476,0.019257367549938977,0.018661803
4,2026-05-20,2026-07-06,2026-07-07,0.0169147071019035,0.0182366513371406,0.017180665947289734,0.017189162600648074,0.018527599949784375,0.019159282811249224,0.018605884
4,2026-05-20,2026-07-07,2026-07-08,0.0171880831555323,0.0169147071019035,0.017279655078986232,0.01728760566578525,0.01705481773600833,0.017980724857179508,0.017867276
4,2026-05-20,2026-07-08,2026-07-09,0.0169180547096416,0.0171880831555323,0.017101280473460843,0.017109942774575698,0.017486085095159788,0.017642594103615697,0.017871495
4,2026-05-20,2026-07-09,2026-07-10,0.01708107843167,0.0169180547096416,0.017293384271884635,0.017301861711280068,0.017045722041056522,0.017293585126170984,0.017461466
4,2026-05-20,2026-07-10,2026-07-11,0.0159497500543231,0.01708107843167,0.016334687966456277,0.016344606651231046,0.017208294477914002,0.017354062909713735,0.017426517
4,2026-05-20,2026-07-11,2026-07-12,0.0159492145167678,0.0159497500543231,0.016342892286770175,0.0163518174633811,0.015850040072221405,0.017207192673402205,0.01656645
4,2026-05-20,2026-07-12,2026-07-13,0.0162797297951014,0.0159492145167678,0.016126366741326705,0.016134766523028983,0.016065155711320413,0.016910471786453784,0.016401034
4,2026-05-20,2026-07-13,2026-07-14,0.017696121064231,0.0162797297951014,0.016217387327004756,0.016227872152140263,0.01648364540033187,0.017189731007486872,0.017075434
4,2026-05-20,2026-07-14,2026-07-15,0.0176238086624787,0.017696121064231,0.018151420833939183,0.018166199089589653,0.017911733649029187,0.018163186824825112,0.018587401
4,2026-05-20,2026-07-15,2026-07-16,0.0177213197573234,0.0176238086624787,0.018021850237068527,0.018033901682650455,0.01754106619307867,0.017847344422941162,0.017560653
4,2026-05-20,2026-07-16,2026-07-17,0.0174312598786979,0.0177213197573234,0.01788746714587518,0.01789854344912777,0.01771149543480916,0.017790681469604337,0.017764885
4,2026-05-20,2026-07-17,2026-07-18,0.0170183158787656,0.0174312598786979,0.017275135863746363,0.017285348686530297,0.01737788046711863,0.017571358116457644,0.017596614
4,2026-05-20,2026-07-18,2026-07-19,0.0169543599839804,0.0170183158787656,0.01736932436336468,0.017378873293877047,0.01707167674248802,0.017281015862098778,0.017463472
