walk_forward_fold,train_rows,train_start,train_end,test_start,test_end,target_start,target_end,test_rows,rank_by_RMSE,model,MAE,MSE,RMSE,QLIKE
1,950,2023-04-11,2025-11-15,2025-11-16,2026-01-23,2025-11-17,2026-01-24,69,1,"GARCH(1,1)",0.00042507,0.00000035,0.00059084,0.00236096
1,950,2023-04-11,2025-11-15,2025-11-16,2026-01-23,2025-11-17,2026-01-24,69,2,LSTM,0.00065328,0.00000068,0.00082244,0.00398532
1,950,2023-04-11,2025-11-15,2025-11-16,2026-01-23,2025-11-17,2026-01-24,69,3,Lagged linear regression,0.00057239,0.00000068,0.00082515,0.00409974
1,950,2023-04-11,2025-11-15,2025-11-16,2026-01-23,2025-11-17,2026-01-24,69,4,Random Forest,0.00066103,0.00000075,0.00086467,0.00439260
1,950,2023-04-11,2025-11-15,2025-11-16,2026-01-23,2025-11-17,2026-01-24,69,5,Rolling historical volatility,0.00053441,0.00000077,0.00087725,0.00466292
2,1019,2023-04-11,2026-01-23,2026-01-24,2026-04-02,2026-01-25,2026-04-03,69,1,"GARCH(1,1)",0.00068390,0.00000261,0.00161607,0.00731991
2,1019,2023-04-11,2026-01-23,2026-01-24,2026-04-02,2026-01-25,2026-04-03,69,2,Lagged linear regression,0.00125317,0.00000536,0.00231472,0.01197337
2,1019,2023-04-11,2026-01-23,2026-01-24,2026-04-02,2026-01-25,2026-04-03,69,3,Rolling historical volatility,0.00096834,0.00000550,0.00234604,0.01266331
2,1019,2023-04-11,2026-01-23,2026-01-24,2026-04-02,2026-01-25,2026-04-03,69,4,LSTM,0.00259104,0.00001172,0.00342323,0.02059417
2,1019,2023-04-11,2026-01-23,2026-01-24,2026-04-02,2026-01-25,2026-04-03,69,5,Random Forest,0.00282539,0.00001482,0.00384912,0.02772078
3,1088,2023-04-11,2026-04-02,2026-04-03,2026-06-10,2026-04-04,2026-06-11,69,1,"GARCH(1,1)",0.00042527,0.00000042,0.00064841,0.00301654
3,1088,2023-04-11,2026-04-02,2026-04-03,2026-06-10,2026-04-04,2026-06-11,69,2,Lagged linear regression,0.00056103,0.00000068,0.00082508,0.00460139
3,1088,2023-04-11,2026-04-02,2026-04-03,2026-06-10,2026-04-04,2026-06-11,69,3,Rolling historical volatility,0.00052652,0.00000072,0.00085053,0.00520052
3,1088,2023-04-11,2026-04-02,2026-04-03,2026-06-10,2026-04-04,2026-06-11,69,4,LSTM,0.00074639,0.00000096,0.00098223,0.00624668
3,1088,2023-04-11,2026-04-02,2026-04-03,2026-06-10,2026-04-04,2026-06-11,69,5,Random Forest,0.00074739,0.00000106,0.00102972,0.00695242
4,1157,2023-04-11,2026-06-10,2026-06-11,2026-08-18,2026-06-12,2026-08-19,69,1,"GARCH(1,1)",0.00038868,0.00000049,0.00070307,0.00515636
4,1157,2023-04-11,2026-06-10,2026-06-11,2026-08-18,2026-06-12,2026-08-19,69,2,Rolling historical volatility,0.00042849,0.00000080,0.00089166,0.00766499
4,1157,2023-04-11,2026-06-10,2026-06-11,2026-08-18,2026-06-12,2026-08-19,69,3,Lagged linear regression,0.00048033,0.00000083,0.00091150,0.00817860
4,1157,2023-04-11,2026-06-10,2026-06-11,2026-08-18,2026-06-12,2026-08-19,69,4,Random Forest,0.00061211,0.00000088,0.00093837,0.00738724
4,1157,2023-04-11,2026-06-10,2026-06-11,2026-08-18,2026-06-12,2026-08-19,69,5,LSTM,0.00067426,0.00000106,0.00102924,0.00913312
