volatility_regime,observations,actual_min,actual_max,lower_tercile_threshold,upper_tercile_threshold,rank_by_RMSE,model,MAE,RMSE,QLIKE,mean_prediction_bias
Low,82,0.01304600,0.01931982,0.01934615,0.02333006,1,"GARCH(1,1)",0.00043231,0.00065099,0.00380423,0.00013635
Low,82,0.01304600,0.01931982,0.01934615,0.02333006,2,Lagged linear regression,0.00057639,0.00087940,0.00622193,0.00022330
Low,82,0.01304600,0.01931982,0.01934615,0.02333006,3,Rolling historical volatility,0.00055130,0.00092027,0.00694494,0.00009568
Low,82,0.01304600,0.01931982,0.01934615,0.02333006,4,LSTM,0.00070408,0.00095522,0.00707209,0.00034429
Low,82,0.01304600,0.01931982,0.01934615,0.02333006,5,Random Forest,0.00073188,0.00102008,0.00802017,0.00037220
Medium,81,0.01939882,0.02332569,0.01934615,0.02333006,1,"GARCH(1,1)",0.00038920,0.00058047,0.00164440,0.00009267
Medium,81,0.01939882,0.02332569,0.01934615,0.02333006,2,Lagged linear regression,0.00055970,0.00084830,0.00323318,0.00007231
Medium,81,0.01939882,0.02332569,0.01934615,0.02333006,3,Rolling historical volatility,0.00050398,0.00086073,0.00329157,0.00004503
Medium,81,0.01939882,0.02332569,0.01934615,0.02333006,4,LSTM,0.00064996,0.00093082,0.00389983,0.00006152
Medium,81,0.01939882,0.02332569,0.01934615,0.02333006,5,Random Forest,0.00069645,0.00098482,0.00443527,0.00017640
High,82,0.02333225,0.04381787,0.01934615,0.02333006,1,"GARCH(1,1)",0.00060668,0.00146368,0.00562772,-0.00015218
High,82,0.02333225,0.04381787,0.01934615,0.02333006,2,Lagged linear regression,0.00107754,0.00209266,0.00921162,-0.00036605
High,82,0.02333225,0.04381787,0.01934615,0.02333006,3,Rolling historical volatility,0.00082850,0.00212349,0.00979334,-0.00008331
High,82,0.02333225,0.04381787,0.01934615,0.02333006,4,LSTM,0.00178832,0.00270446,0.01348019,-0.00091036
High,82,0.02333225,0.04381787,0.01934615,0.02333006,5,Random Forest,0.00243045,0.00354127,0.02257906,-0.00142537
