feature,baseline_RMSE,mean_RMSE_increase,std_RMSE_increase,repeats,interpretation_note
realised_volatility_30d,0.00220594,0.00210868,0.00006230,10,"Positive values mean shuffling the feature worsened test RMSE; this is predictive association, not causality."
rv_lag_1,0.00220594,0.00129484,0.00007983,10,"Positive values mean shuffling the feature worsened test RMSE; this is predictive association, not causality."
rolling_abs_return_30d,0.00220594,0.00096653,0.00004485,10,"Positive values mean shuffling the feature worsened test RMSE; this is predictive association, not causality."
rv_lag_2,0.00220594,0.00066662,0.00005407,10,"Positive values mean shuffling the feature worsened test RMSE; this is predictive association, not causality."
rv_lag_3,0.00220594,0.00045036,0.00003443,10,"Positive values mean shuffling the feature worsened test RMSE; this is predictive association, not causality."
rv_lag_7,0.00220594,0.00027349,0.00003184,10,"Positive values mean shuffling the feature worsened test RMSE; this is predictive association, not causality."
rolling_return_std_14d,0.00220594,0.00018831,0.00002723,10,"Positive values mean shuffling the feature worsened test RMSE; this is predictive association, not causality."
rolling_abs_return_14d,0.00220594,0.00011769,0.00001791,10,"Positive values mean shuffling the feature worsened test RMSE; this is predictive association, not causality."
rolling_abs_return_7d,0.00220594,0.00006441,0.00001045,10,"Positive values mean shuffling the feature worsened test RMSE; this is predictive association, not causality."
rolling_return_std_7d,0.00220594,0.00004866,0.00000516,10,"Positive values mean shuffling the feature worsened test RMSE; this is predictive association, not causality."
rv_lag_14,0.00220594,0.00001947,0.00000673,10,"Positive values mean shuffling the feature worsened test RMSE; this is predictive association, not causality."
abs_return,0.00220594,0.00000961,0.00000269,10,"Positive values mean shuffling the feature worsened test RMSE; this is predictive association, not causality."
return_lag_3,0.00220594,0.00000166,0.00000098,10,"Positive values mean shuffling the feature worsened test RMSE; this is predictive association, not causality."
abs_return_lag_2,0.00220594,0.00000118,0.00000190,10,"Positive values mean shuffling the feature worsened test RMSE; this is predictive association, not causality."
abs_return_lag_7,0.00220594,0.00000104,0.00000113,10,"Positive values mean shuffling the feature worsened test RMSE; this is predictive association, not causality."
return_lag_2,0.00220594,0.00000072,0.00000074,10,"Positive values mean shuffling the feature worsened test RMSE; this is predictive association, not causality."
return_lag_1,0.00220594,0.00000042,0.00000077,10,"Positive values mean shuffling the feature worsened test RMSE; this is predictive association, not causality."
abs_return_lag_1,0.00220594,0.00000022,0.00000089,10,"Positive values mean shuffling the feature worsened test RMSE; this is predictive association, not causality."
log_trade_count,0.00220594,0.00000003,0.00000036,10,"Positive values mean shuffling the feature worsened test RMSE; this is predictive association, not causality."
abs_return_lag_14,0.00220594,0.00000003,0.00000058,10,"Positive values mean shuffling the feature worsened test RMSE; this is predictive association, not causality."
log_volume,0.00220594,-0.00000007,0.00000038,10,"Positive values mean shuffling the feature worsened test RMSE; this is predictive association, not causality."
return_lag_7,0.00220594,-0.00000038,0.00000069,10,"Positive values mean shuffling the feature worsened test RMSE; this is predictive association, not causality."
abs_return_lag_3,0.00220594,-0.00000112,0.00000038,10,"Positive values mean shuffling the feature worsened test RMSE; this is predictive association, not causality."
log_return,0.00220594,-0.00000118,0.00000072,10,"Positive values mean shuffling the feature worsened test RMSE; this is predictive association, not causality."
return_lag_14,0.00220594,-0.00000174,0.00000050,10,"Positive values mean shuffling the feature worsened test RMSE; this is predictive association, not causality."
