feature,importance
realised_volatility_30d,0.23505750
rv_lag_1,0.18584883
rolling_abs_return_30d,0.14547014
rv_lag_2,0.11535994
rv_lag_3,0.09405017
rv_lag_7,0.07158481
rolling_return_std_14d,0.05428902
rolling_abs_return_14d,0.03511234
rv_lag_14,0.01739795
rolling_abs_return_7d,0.01498502
rolling_return_std_7d,0.01222385
log_trade_count,0.00432052
log_volume,0.00230257
abs_return,0.00171729
abs_return_lag_2,0.00163148
log_return,0.00121679
abs_return_lag_7,0.00108427
return_lag_2,0.00096652
abs_return_lag_1,0.00095908
abs_return_lag_14,0.00093589
return_lag_7,0.00083484
abs_return_lag_3,0.00071591
return_lag_1,0.00069445
return_lag_14,0.00067547
return_lag_3,0.00056534
